Tanggal,Meninggal (Jakarta),Sembuh (Jakarta),Self-Isolation (Jakarta),Dirawat (Jakarta),Positif (Jakarta),Positif Aktif (Jakarta),Meninggal Harian (Jakarta),Sembuh Harian (Jakarta),Self-Isolation Harian (Jakarta),Dirawat Harian (Jakarta),Positif Harian (Jakarta),Positif Aktif Harian (Jakarta)
29/01/2020 ,0,0,0,0,0,0,0,0,0,0,0,0
01/03/2020 ,0,0,0,0,0,0,0,0,0,0,0,0
02/03/2020 ,0,0,0,0,0,0,0,0,0,0,0,0
03/03/2020 ,1,0,0,2,3,2,1,0,0,2,3,2
04/03/2020 ,1,0,0,2,3,2,0,0,0,0,0,0
05/03/2020 ,3,0,0,4,7,4,2,0,0,2,4,2
06/03/2020 ,3,0,0,4,7,4,0,0,0,0,0,0
07/03/2020 ,3,0,0,4,7,4,0,0,0,0,0,0
08/03/2020 ,3,0,0,4,7,4,0,0,0,0,0,0
09/03/2020 ,3,0,0,31,34,31,0,0,0,27,27,27
10/03/2020 ,3,0,0,31,34,31,0,0,0,0,0,0
11/03/2020 ,3,0,0,33,36,33,0,0,0,2,2,2
12/03/2020 ,5,0,0,57,62,57,2,0,0,24,26,24
13/03/2020 ,7,0,0,65,72,65,2,0,0,8,10,8
14/03/2020 ,9,0,0,70,79,70,2,0,0,5,7,5
15/03/2020 ,11,0,0,84,95,84,2,0,0,14,16,14
16/03/2020 ,12,0,7,78,97,85,1,0,7,-6,2,1
17/03/2020 ,12,0,27,83,122,110,0,0,20,5,25,25
18/03/2020 ,15,12,42,91,160,133,3,12,15,8,38,23
19/03/2020 ,19,13,57,121,210,178,4,1,15,30,50,45
20/03/2020 ,20,13,66,125,224,191,1,0,9,4,14,13
21/03/2020 ,23,17,71,157,268,228,3,4,5,32,44,37
22/03/2020 ,29,21,77,177,304,254,6,4,6,20,36,26
23/03/2020 ,29,22,79,225,355,304,0,1,2,48,51,50
24/03/2020 ,34,23,109,260,426,369,5,1,30,35,71,65
25/03/2020 ,43,27,112,290,472,402,9,4,3,30,46,33
26/03/2020 ,49,29,113,324,515,437,6,2,1,34,43,35
27/03/2020 ,57,31,132,346,566,478,8,2,19,22,51,41
28/03/2020 ,62,43,134,364,603,498,5,12,2,18,37,20
29/03/2020 ,67,48,151,435,701,586,5,5,17,71,98,88
30/03/2020 ,78,49,151,449,727,600,11,1,0,14,26,14
31/03/2020 ,84,49,157,451,741,608,6,0,6,2,14,8
01/04/2020 ,90,51,176,499,816,675,6,2,19,48,75,67
02/04/2020 ,95,54,195,565,909,760,5,3,19,66,93,85
03/04/2020 ,98,56,209,627,990,836,3,2,14,62,81,76
04/04/2020 ,99,58,223,691,"1,071",914,1,2,14,64,81,78
05/04/2020 ,123,64,279,685,"1,151",964,24,6,56,-6,80,50
06/04/2020 ,131,68,317,783,"1,299","1,100",8,4,38,98,148,136
07/04/2020 ,141,69,338,895,"1,443","1,233",10,1,21,112,144,133
08/04/2020 ,144,75,357,976,"1,552","1,333",3,6,19,81,109,100
09/04/2020 ,155,82,405,"1,077","1,719","1,482",11,7,48,101,167,149
10/04/2020 ,156,82,433,"1,139","1,810","1,572",1,0,28,62,91,90
11/04/2020 ,168,142,441,"1,152","1,903","1,593",12,60,8,13,93,21
12/04/2020 ,195,142,468,"1,277","2,082","1,745",27,0,27,125,179,152
13/04/2020 ,209,142,521,"1,370","2,242","1,891",14,0,53,93,160,146
14/04/2020 ,243,163,558,"1,385","2,349","1,943",34,21,37,15,107,52
15/04/2020 ,246,164,613,"1,424","2,447","2,037",3,1,55,39,98,94
16/04/2020 ,248,202,619,"1,601","2,670","2,220",2,38,6,177,223,183
17/04/2020 ,250,203,643,"1,727","2,823","2,370",2,1,24,126,153,150
18/04/2020 ,257,206,670,"1,769","2,902","2,439",7,3,27,42,79,69
19/04/2020 ,292,207,695,"1,839","3,033","2,534",35,1,25,70,131,95
20/04/2020 ,297,237,752,"1,826","3,112","2,578",5,30,57,-13,79,44
21/04/2020 ,305,286,753,"1,935","3,279","2,688",8,49,1,109,167,110
22/04/2020 ,308,291,815,"1,985","3,399","2,800",3,5,62,50,120,112
23/04/2020 ,316,292,888,"2,010","3,506","2,898",8,1,73,25,107,98
24/04/2020 ,331,327,959,"1,988","3,605","2,947",15,35,71,-22,99,49
25/04/2020 ,350,334,"1,050","1,947","3,681","2,997",19,7,91,-41,76,50
26/04/2020 ,357,338,"1,099","1,952","3,746","3,051",7,4,49,5,65,54
27/04/2020 ,375,338,"1,169","1,950","3,832","3,119",18,0,70,-2,86,68
28/04/2020 ,379,341,"1,206","2,024","3,950","3,230",4,3,37,74,118,111
29/04/2020 ,381,412,"1,238","2,002","4,033","3,240",2,71,32,-22,83,10
30/04/2020 ,381,412,"1,272","2,073","4,138","3,345",0,0,34,71,105,105
01/05/2020 ,393,427,"1,312","2,151","4,283","3,463",12,15,40,78,145,118
02/05/2020 ,400,562,"1,304","2,089","4,355","3,393",7,135,-8,-62,72,-70
03/05/2020 ,410,622,"1,323","2,062","4,417","3,385",10,60,19,-27,62,-8
04/05/2020 ,412,650,"1,330","2,080","4,472","3,410",2,28,7,18,55,25
05/05/2020 ,414,711,"1,370","2,146","4,641","3,516",2,61,40,66,169,106
06/05/2020 ,420,713,"1,381","2,195","4,709","3,576",6,2,11,49,68,60
07/05/2020 ,430,718,"1,431","2,196","4,775","3,627",10,5,50,1,66,51
08/05/2020 ,431,763,"1,426","2,281","4,901","3,707",1,45,-5,85,126,80
09/05/2020 ,437,767,"1,442","2,312","4,958","3,754",6,4,16,31,57,47
10/05/2020 ,444,803,"1,533","2,360","5,140","3,893",7,36,91,48,182,139
11/05/2020 ,453,836,"1,648","2,258","5,195","3,906",9,33,115,-102,55,13
12/05/2020 ,457,"1,262","1,741","1,843","5,303","3,584",4,426,93,-415,108,-322
13/05/2020 ,461,"1,277","1,866","1,833","5,437","3,699",4,15,125,-10,134,115
14/05/2020 ,466,"1,279","1,995","1,877","5,617","3,872",5,2,129,44,180,173
15/05/2020 ,474,"1,286","2,019","1,900","5,679","3,919",8,7,24,23,62,47
16/05/2020 ,475,"1,292","2,120","1,908","5,795","4,028",1,6,101,8,116,109
17/05/2020 ,478,"1,295","2,217","1,932","5,922","4,149",3,3,97,24,127,121
18/05/2020 ,483,"1,301","2,266","1,946","5,996","4,212",5,6,49,14,74,63
19/05/2020 ,487,"1,417","2,213","1,936","6,053","4,149",4,116,-53,-10,57,-63
20/05/2020 ,493,"1,425","2,263","1,969","6,150","4,232",6,8,50,33,97,83
21/05/2020 ,498,"1,536","2,231","1,955","6,220","4,186",5,111,-32,-14,70,-46
22/05/2020 ,501,"1,558","2,282","1,975","6,316","4,257",3,22,51,20,96,71
23/05/2020 ,504,"1,587","2,346","2,006","6,443","4,352",3,29,64,31,127,95
24/05/2020 ,505,"1,594","2,431","2,031","6,561","4,462",1,7,85,25,118,110
25/05/2020 ,506,"1,648","2,430","2,044","6,628","4,474",1,54,-1,13,67,12
26/05/2020 ,508,"1,678","2,459","2,044","6,689","4,503",2,30,29,0,61,29
27/05/2020 ,510,"1,698","2,584","2,034","6,826","4,618",2,20,125,-10,137,115
28/05/2020 ,514,"1,719","2,641","2,055","6,929","4,696",4,21,57,21,103,78
29/05/2020 ,517,"1,807","2,722","2,007","7,053","4,729",3,88,81,-48,124,33
30/05/2020 ,519,"2,003","2,781","1,848","7,151","4,629",2,196,59,-159,98,-100
31/05/2020 ,520,"2,102","2,827","1,823","7,272","4,650",1,99,46,-25,121,21
01/06/2020 ,521,"2,246","2,822","1,794","7,383","4,616",1,144,-5,-29,111,-34
02/06/2020 ,525,"2,405","2,786","1,743","7,459","4,529",4,159,-36,-51,76,-87
03/06/2020 ,529,"2,534","2,777","1,699","7,539","4,476",4,129,-9,-44,80,-53
04/06/2020 ,530,"2,607","2,793","1,670","7,600","4,463",1,73,16,-29,61,-13
05/06/2020 ,532,"2,751","2,768","1,633","7,684","4,401",2,144,-25,-37,84,-62
06/06/2020 ,535,"2,840","2,776","1,635","7,786","4,411",3,89,8,2,102,10
07/06/2020 ,537,"3,170","2,794","1,445","7,946","4,239",2,330,18,-190,160,-172
08/06/2020 ,538,"3,205","2,846","1,448","8,037","4,294",1,35,52,3,91,55
09/06/2020 ,547,"3,369","2,918","1,442","8,276","4,360",9,164,72,-6,239,66
10/06/2020 ,551,"3,517","2,928","1,427","8,423","4,355",4,148,10,-15,147,-5
11/06/2020 ,555,"3,664","2,887","1,446","8,552","4,333",4,147,-41,19,129,-22
12/06/2020 ,561,"3,780","2,863","1,424","8,628","4,287",6,116,-24,-22,76,-46
13/06/2020 ,564,"3,840","2,925","1,419","8,748","4,344",3,60,62,-5,120,57
14/06/2020 ,571,"4,091","2,833","1,368","8,863","4,201",7,251,-92,-51,115,-143
15/06/2020 ,580,"4,198","2,800","1,390","8,968","4,190",9,107,-33,22,105,-11
16/06/2020 ,583,"4,329","2,764","1,416","9,092","4,180",3,131,-36,26,124,-10
17/06/2020 ,588,"4,444","2,775","1,402","9,209","4,177",5,115,11,-14,117,-3
18/06/2020 ,594,"4,592","2,822","1,377","9,385","4,199",6,148,47,-25,176,22
19/06/2020 ,599,"4,682","2,862","1,382","9,525","4,244",5,90,40,5,140,45
20/06/2020 ,603,"4,821","2,939","1,340","9,703","4,279",4,139,77,-42,178,35
21/06/2020 ,615,"5,054","2,874","1,287","9,830","4,161",12,233,-65,-53,127,-118
22/06/2020 ,618,"5,128","2,901","1,310","9,957","4,211",3,74,27,23,127,50
23/06/2020 ,619,"5,228","2,957","1,319","10,123","4,276",1,100,56,9,166,65
24/06/2020 ,628,"5,322","2,978","1,349","10,277","4,327",9,94,21,30,154,51
25/06/2020 ,631,"5,435","3,068","1,338","10,472","4,406",3,113,90,-11,195,79
26/06/2020 ,632,"5,542","3,136","1,330","10,640","4,466",1,107,68,-8,168,60
27/06/2020 ,632,"5,610","3,256","1,355","10,853","4,611",0,68,120,25,213,145
28/06/2020 ,635,"5,865","3,163","1,322","10,985","4,485",3,255,-93,-33,132,-126
29/06/2020 ,636,"6,118","3,299","1,027","11,080","4,326",1,253,136,-295,95,-159
30/06/2020 ,641,"6,512","3,172",951,"11,276","4,123",5,394,-127,-76,196,-203
01/07/2020 ,644,"6,680","3,269",889,"11,482","4,158",3,168,97,-62,206,35
02/07/2020 ,646,"6,871","3,356",804,"11,677","4,160",2,191,87,-85,195,2
03/07/2020 ,648,"7,109","3,331",736,"11,824","4,067",2,238,-25,-68,147,-93
04/07/2020 ,650,"7,377","3,366",646,"12,039","4,012",2,268,35,-90,215,-55
05/07/2020 ,658,"7,663","3,390",584,"12,295","3,974",8,286,24,-62,256,-38
06/07/2020 ,658,"8,033","3,340",495,"12,526","3,835",0,370,-50,-89,231,-139
07/07/2020 ,664,"8,277","3,379",405,"12,725","3,784",6,244,39,-90,199,-51
08/07/2020 ,667,"8,429","3,556",417,"13,069","3,973",3,152,177,12,344,189
09/07/2020 ,677,"8,647","3,584",451,"13,359","4,035",10,218,28,34,290,62
10/07/2020 ,684,"8,825","3,613",476,"13,598","4,089",7,178,29,25,239,54
11/07/2020 ,690,"9,040","3,732",495,"13,957","4,227",6,215,119,19,359,138
12/07/2020 ,702,"9,200","3,905",554,"14,361","4,459",12,160,173,59,404,232
13/07/2020 ,710,"9,408","3,924",597,"14,639","4,521",8,208,19,43,278,62
14/07/2020 ,714,"9,528","4,053",619,"14,914","4,672",4,120,129,22,275,151
15/07/2020 ,720,"9,721","4,041",691,"15,173","4,732",6,193,-12,72,259,60
16/07/2020 ,722,"9,857","4,110",777,"15,466","4,887",2,136,69,86,293,155
17/07/2020 ,731,"9,994","4,156",826,"15,707","4,982",9,137,46,49,241,95
18/07/2020 ,740,"10,117","4,289",892,"16,038","5,181",9,123,133,66,331,199
19/07/2020 ,748,"10,444","4,236",923,"16,351","5,159",8,327,-53,31,313,-22
20/07/2020 ,749,"10,602","4,335","1,026","16,712","5,361",1,158,99,103,361,202
21/07/2020 ,758,"10,864","4,458","1,073","17,153","5,531",9,262,123,47,441,170
22/07/2020 ,766,"11,187","4,383","1,193","17,529","5,576",8,323,-75,120,376,45
23/07/2020 ,767,"11,302","4,675","1,201","17,945","5,876",1,115,292,8,416,300
24/07/2020 ,768,"11,585","4,577","1,300","18,230","5,877",1,283,-98,99,285,1
25/07/2020 ,769,"11,715","4,729","1,410","18,623","6,139",1,130,152,110,393,262
26/07/2020 ,779,"11,889","4,842","1,491","19,001","6,333",10,174,113,81,378,194
27/07/2020 ,782,"11,996","4,993","1,702","19,473","6,695",3,107,151,211,472,362
28/07/2020 ,795,"12,373","4,869","1,848","19,885","6,717",13,377,-124,146,412,22
29/07/2020 ,820,"12,613","5,093","1,944","20,470","7,037",25,240,224,96,585,320
30/07/2020 ,821,"12,801","5,098","2,049","20,769","7,147",1,188,5,105,299,110
31/07/2020 ,836,"13,208","4,974","2,183","21,201","7,157",15,407,-124,134,432,10
01/08/2020 ,852,"13,887","4,683","2,153","21,575","6,836",16,679,-291,-30,374,-321
02/08/2020 ,852,"14,027","4,916","2,159","21,954","7,075",0,140,233,6,379,239
03/08/2020 ,867,"14,165","5,084","2,327","22,443","7,411",15,138,168,168,489,336
04/08/2020 ,880,"14,381","5,216","2,432","22,909","7,648",13,216,132,105,466,237
05/08/2020 ,895,"14,760","5,128","2,483","23,266","7,611",15,379,-88,51,357,-37
06/08/2020 ,908,"15,006","5,397","2,552","23,863","7,949",13,246,269,69,597,338
07/08/2020 ,922,"15,201","5,803","2,595","24,521","8,398",14,195,406,43,658,449
08/08/2020 ,934,"15,710","6,110","2,488","25,242","8,598",12,509,307,-107,721,200
09/08/2020 ,939,"16,268","6,091","2,416","25,714","8,507",5,558,-19,-72,472,-91
10/08/2020 ,940,"16,446","6,252","2,555","26,193","8,807",1,178,161,139,479,300
11/08/2020 ,953,"16,927","6,236","2,548","26,664","8,784",13,481,-16,-7,471,-23
12/08/2020 ,968,"17,349","6,208","2,717","27,242","8,925",15,422,-28,169,578,141
13/08/2020 ,981,"17,838","6,330","2,714","27,863","9,044",13,489,122,-3,621,119
14/08/2020 ,985,"18,528","6,331","2,594","28,438","8,925",4,690,1,-120,575,-119
15/08/2020 ,991,"18,974","6,457","2,614","29,036","9,071",6,446,126,20,598,146
16/08/2020 ,995,"19,708","6,284","2,567","29,554","8,851",4,734,-173,-47,518,-220
17/08/2020 ,"1,011","19,916","6,514","2,651","30,092","9,165",16,208,230,84,538,314
18/08/2020 ,"1,028","20,505","6,602","2,462","30,597","9,064",17,589,88,-189,505,-101
19/08/2020 ,"1,046","21,069","6,488","2,559","31,162","9,047",18,564,-114,97,565,-17
20/08/2020 ,"1,061","21,795","6,357","2,544","31,757","8,901",15,726,-131,-15,595,-146
21/08/2020 ,"1,076","22,228","6,518","2,576","32,398","9,094",15,433,161,32,641,193
22/08/2020 ,"1,091","22,877","6,269","2,762","32,999","9,031",15,649,-249,186,601,-63
23/08/2020 ,"1,107","23,567","6,040","2,922","33,636","8,962",16,690,-229,160,637,-69
24/08/2020 ,"1,112","25,463","5,090","2,630","34,295","7,720",5,"1,896",-950,-292,659,"-1,242"
25/08/2020 ,"1,129","25,986","5,130","2,686","34,931","7,816",17,523,40,56,636,96
26/08/2020 ,"1,144","26,750","4,978","2,770","35,642","7,748",15,764,-152,84,711,-68
27/08/2020 ,"1,147","28,288","4,499","2,528","36,462","7,027",3,"1,538",-479,-242,820,-721
28/08/2020 ,"1,154","29,169","4,128","2,827","37,278","6,955",7,881,-371,299,816,-72
29/08/2020 ,"1,172","29,768","4,414","2,812","38,166","7,226",18,599,286,-15,888,271
30/08/2020 ,"1,186","30,134","4,945","3,015","39,280","7,960",14,366,531,203,"1,114",734
31/08/2020 ,"1,202","30,538","5,281","3,288","40,309","8,569",16,404,336,273,"1,029",609
01/09/2020 ,"1,219","31,267","5,423","3,341","41,250","8,764",17,729,142,53,941,195
02/09/2020 ,"1,237","31,741","5,757","3,568","42,303","9,325",18,474,334,227,"1,053",561
03/09/2020 ,"1,253","32,424","6,323","3,709","43,709","10,032",16,683,566,141,"1,406",707
04/09/2020 ,"1,260","33,260","6,257","3,827","44,604","10,084",7,836,-66,118,895,52
05/09/2020 ,"1,277","33,991","6,501","3,677","45,446","10,178",17,731,244,-150,842,94
06/09/2020 ,"1,289","34,738","6,582","4,082","46,691","10,664",12,747,81,405,"1,245",486
07/09/2020 ,"1,318","35,431","6,706","4,341","47,796","11,047",29,693,124,259,"1,105",383
08/09/2020 ,"1,330","36,451","6,598","4,432","48,811","11,030",12,"1,020",-108,91,"1,015",-17
09/09/2020 ,"1,347","37,245","6,691","4,554","49,837","11,245",17,794,93,122,"1,026",215
10/09/2020 ,"1,365","38,226","6,968","4,728","51,287","11,696",18,981,277,174,"1,450",451
11/09/2020 ,"1,382","39,115","7,143","4,681","52,321","11,824",17,889,175,-47,"1,034",128
12/09/2020 ,"1,404","40,183","7,490","4,684","53,761","12,174",22,"1,068",347,3,"1,440",350
13/09/2020 ,"1,410","41,014","7,791","4,649","54,864","12,440",6,831,301,-35,"1,103",266
14/09/2020 ,"1,440","42,325","7,530","4,631","55,926","12,161",30,"1,311",-261,-18,"1,062",-279
15/09/2020 ,"1,468","43,306","7,711","4,468","56,953","12,179",28,981,181,-163,"1,027",18
16/09/2020 ,"1,498","44,251","7,907","4,802","58,458","12,709",30,945,196,334,"1,505",530
17/09/2020 ,"1,513","45,207","8,013","4,739","59,472","12,752",15,956,106,-63,"1,014",43
18/09/2020 ,"1,535","46,235","8,450","4,655","60,875","13,105",22,"1,028",437,-84,"1,403",353
19/09/2020 ,"1,546","47,260","8,696","4,305","61,807","13,001",11,"1,025",246,-350,932,-104
20/09/2020 ,"1,561","49,209","8,297","3,819","62,886","12,116",15,"1,949",-399,-486,"1,079",-885
21/09/2020 ,"1,592","49,630","9,225","3,749","64,196","12,974",31,421,928,-70,"1,310",858
22/09/2020 ,"1,624","50,473","9,380","3,841","65,318","13,221",32,843,155,92,"1,122",247
23/09/2020 ,"1,650","51,578","9,611","3,666","66,505","13,277",26,"1,105",231,-175,"1,187",56
24/09/2020 ,"1,664","52,742","9,714","3,518","67,638","13,232",14,"1,164",103,-148,"1,133",-45
25/09/2020 ,"1,677","54,352","10,027","2,871","68,927","12,898",13,"1,610",313,-647,"1,289",-334
26/09/2020 ,"1,679","55,350","10,594","2,561","70,184","13,155",2,998,567,-310,"1,257",257
27/09/2020 ,"1,692","56,413","10,915","2,350","71,370","13,265",13,"1,063",321,-211,"1,186",110
28/09/2020 ,"1,704","57,741","10,474","2,258","72,177","12,732",12,"1,328",-441,-92,807,-533
29/09/2020 ,"1,718","58,865","10,659","2,067","73,309","12,726",14,"1,124",185,-191,"1,132",-6
30/09/2020 ,"1,731","60,320","10,353","1,964","74,368","12,317",13,"1,455",-306,-103,"1,059",-409
01/10/2020 ,"1,737","61,444","10,545","1,795","75,521","12,340",6,"1,124",192,-169,"1,153",23
02/10/2020 ,"1,740","62,279","10,496","2,104","76,619","12,600",3,835,-49,309,"1,098",260
03/10/2020 ,"1,743","63,286","10,652","2,103","77,784","12,755",3,"1,007",156,-1,"1,165",155
04/10/2020 ,"1,761","64,319","11,091","2,043","79,214","13,134",18,"1,033",439,-60,"1,430",379
05/10/2020 ,"1,772","65,295","10,912","2,057","80,036","12,969",11,976,-179,14,822,-165
06/10/2020 ,"1,806","66,315","10,787","2,135","81,043","12,922",34,"1,020",-125,78,"1,007",-47
07/10/2020 ,"1,819","67,310","10,807","2,447","82,383","13,254",13,995,20,312,"1,340",332
08/10/2020 ,"1,838","68,352","10,717","2,485","83,392","13,202",19,"1,042",-90,38,"1,009",-52
09/10/2020 ,"1,860","69,203","10,746","2,555","84,364","13,301",22,851,29,70,972,99
10/10/2020 ,"1,877","70,487","10,698","2,555","85,617","13,253",17,"1,284",-48,0,"1,253",-48
11/10/2020 ,"1,901","71,549","10,863","2,693","87,006","13,556",24,"1,062",165,138,"1,389",303
12/10/2020 ,"1,922","72,633","10,814","2,805","88,174","13,619",21,"1,084",-49,112,"1,168",63
13/10/2020 ,"1,944","73,733","10,908","2,643","89,228","13,551",22,"1,100",94,-162,"1,054",-68
14/10/2020 ,"1,961","74,924","10,822","2,559","90,266","13,381",17,"1,191",-86,-84,"1,038",-170
15/10/2020 ,"1,984","75,974","10,636","2,743","91,337","13,379",23,"1,050",-186,184,"1,071",-2
16/10/2020 ,"2,008","76,956","10,498","2,920","92,382","13,418",24,982,-138,177,"1,045",39
17/10/2020 ,"2,032","78,062","10,591","2,671","93,356","13,262",24,"1,106",93,-249,974,-156
18/10/2020 ,"2,051","79,136","10,782","2,358","94,327","13,140",19,"1,074",191,-313,971,-122
19/10/2020 ,"2,064","80,261","10,325","2,603","95,253","12,928",13,"1,125",-457,245,926,-212
20/10/2020 ,"2,086","81,107","10,292","2,732","96,217","13,024",22,846,-33,129,964,96
21/10/2020 ,"2,105","82,178","10,273","2,661","97,217","12,934",19,"1,071",-19,-71,"1,000",-90
22/10/2020 ,"2,120","83,338","9,980","2,768","98,206","12,748",15,"1,160",-293,107,989,-186
23/10/2020 ,"2,138","84,430","9,604","2,986","99,158","12,590",18,"1,092",-376,218,952,-158
24/10/2020 ,"2,153","85,586","9,557","2,924","100,220","12,481",15,"1,156",-47,-62,"1,062",-109
25/10/2020 ,"2,164","86,815","9,151","2,861","100,991","12,012",11,"1,229",-406,-63,771,-469
26/10/2020 ,"2,185","87,977","8,960","2,775","101,897","11,735",21,"1,162",-191,-86,906,-277
27/10/2020 ,"2,195","89,060","8,743","2,680","102,678","11,423",10,"1,083",-217,-95,781,-312
28/10/2020 ,"2,211","90,157","8,438","2,716","103,522","11,154",16,"1,097",-305,36,844,-269
29/10/2020 ,"2,225","91,235","7,951","2,824","104,235","10,775",14,"1,078",-487,108,713,-379
30/10/2020 ,"2,239","92,312","7,457","2,839","104,847","10,296",14,"1,077",-494,15,612,-479
31/10/2020 ,"2,255","94,434","6,524","2,384","105,597","8,908",16,"2,122",-933,-455,750,"-1,388"
01/11/2020 ,"2,273","94,819","6,935","2,178","106,205","9,113",18,385,411,-206,608,205
02/11/2020 ,"2,291","95,876","7,312","1,750","107,229","9,062",18,"1,057",377,-428,"1,024",-51
03/11/2020 ,"2,300","96,902","6,844","1,800","107,846","8,644",9,"1,026",-468,50,617,-418
04/11/2020 ,"2,315","97,833","6,665","1,807","108,620","8,472",15,931,-179,7,774,-172
05/11/2020 ,"2,331","98,806","6,260","2,014","109,411","8,274",16,973,-405,207,791,-198
06/11/2020 ,"2,348","99,830","6,050","1,855","110,083","7,905",17,"1,024",-210,-159,672,-369
07/11/2020 ,"2,359","100,816","6,159","1,867","111,201","8,026",11,986,109,12,"1,118",121
08/11/2020 ,"2,366","101,791","6,338","1,532","112,027","7,870",7,975,179,-335,826,-156
09/11/2020 ,"2,377","102,844","6,050","1,472","112,743","7,522",11,"1,053",-288,-60,716,-348
10/11/2020 ,"2,391","104,144","5,724","1,497","113,756","7,221",14,"1,300",-326,25,"1,013",-301
11/11/2020 ,"2,403","105,117","5,161","1,662","114,343","6,823",12,973,-563,165,587,-398
12/11/2020 ,"2,414","106,189","4,878","1,693","115,174","6,571",11,"1,072",-283,31,831,-252
13/11/2020 ,"2,428","107,147","5,028","1,604","116,207","6,632",14,958,150,-89,"1,033",61
14/11/2020 ,"2,441","108,209","4,710","2,102","117,462","6,812",13,"1,062",-318,498,"1,255",180
15/11/2020 ,"2,448","109,181","4,952","2,046","118,627","6,998",7,972,242,-56,"1,165",186
16/11/2020 ,"2,455","110,221","4,420","2,537","119,633","6,957",7,"1,040",-532,491,"1,006",-41
17/11/2020 ,"2,459","111,096","4,355","2,761","120,671","7,116",4,875,-65,224,"1,038",159
18/11/2020 ,"2,470","111,948","4,619","2,781","121,818","7,400",11,852,264,20,"1,147",284
19/11/2020 ,"2,484","112,833","4,633","3,053","123,003","7,686",14,885,14,272,"1,185",286
20/11/2020 ,"2,501","113,739","4,616","3,387","124,243","8,003",17,906,-17,334,"1,240",317
21/11/2020 ,"2,515","114,863","5,323","3,121","125,822","8,444",14,"1,124",707,-266,"1,579",441
22/11/2020 ,"2,531","115,939","5,529","3,165","127,164","8,694",16,"1,076",206,44,"1,342",250
23/11/2020 ,"2,548","117,003","5,592","3,030","128,173","8,622",17,"1,064",63,-135,"1,009",-72
24/11/2020 ,"2,567","118,062","5,518","3,041","129,188","8,559",19,"1,059",-74,11,"1,015",-63
25/11/2020 ,"2,584","119,099","6,000","2,778","130,461","8,778",17,"1,037",482,-263,"1,273",219
26/11/2020 ,"2,597","120,287","5,876","2,765","131,525","8,641",13,"1,188",-124,-13,"1,064",-137
27/11/2020 ,"2,614","121,082","6,653","2,612","132,961","9,265",17,795,777,-153,"1,436",624
28/11/2020 ,"2,632","122,328","6,921","2,450","134,331","9,371",18,"1,246",268,-162,"1,370",106
29/11/2020 ,"2,652","123,163","7,608","2,339","135,762","9,947",20,835,687,-111,"1,431",576
30/11/2020 ,"2,671","124,078","7,823","2,289","136,861","10,112",19,915,215,-50,"1,099",165
01/12/2020 ,"2,689","125,102","7,937","2,191","137,919","10,128",18,"1,024",114,-98,"1,058",16
02/12/2020 ,"2,710","126,163","8,202","2,010","139,085","10,212",21,"1,061",265,-181,"1,166",84
03/12/2020 ,"2,734","127,136","8,155","2,213","140,238","10,368",24,973,-47,203,"1,153",156
04/12/2020 ,"2,757","128,051","8,073","2,389","141,270","10,462",23,915,-82,176,"1,032",94
05/12/2020 ,"2,779","129,067","8,623","2,161","142,630","10,784",22,"1,016",550,-228,"1,360",322
06/12/2020 ,"2,799","130,136","8,819","2,207","143,961","11,026",20,"1,069",196,46,"1,331",242
07/12/2020 ,"2,823","131,071","9,473","2,060","145,427","11,533",24,935,654,-147,"1,466",507
08/12/2020 ,"2,842","132,248","9,650","1,861","146,601","11,511",19,"1,177",177,-199,"1,174",-22
09/12/2020 ,"2,860","133,318","9,703","1,957","147,838","11,660",18,"1,070",53,96,"1,237",149
10/12/2020 ,"2,880","134,366","9,391","2,381","149,018","11,772",20,"1,048",-312,424,"1,180",112
11/12/2020 ,"2,902","135,545","9,078","2,725","150,250","11,803",22,"1,179",-313,344,"1,232",31
12/12/2020 ,"2,922","136,489","8,822","2,968","151,201","11,790",20,944,-256,243,951,-13
13/12/2020 ,"2,941","137,605","8,679","3,274","152,499","11,953",19,"1,116",-143,306,"1,298",163
14/12/2020 ,"2,963","138,988","8,994","3,120","154,065","12,114",22,"1,383",315,-154,"1,566",161
15/12/2020 ,"2,990","140,225","8,643","3,264","155,122","11,907",27,"1,237",-351,144,"1,057",-207
16/12/2020 ,"3,010","141,365","8,263","3,705","156,343","11,968",20,"1,140",-380,441,"1,221",61
17/12/2020 ,"3,027","142,741","7,851","4,414","158,033","12,265",17,"1,376",-412,709,"1,690",297
18/12/2020 ,"3,048","143,959","7,673","4,940","159,620","12,613",21,"1,218",-178,526,"1,587",348
19/12/2020 ,"3,068","145,066","8,112","5,273","161,519","13,385",20,"1,107",439,333,"1,899",772
20/12/2020 ,"3,087","146,958","8,057","5,009","163,111","13,066",19,"1,892",-55,-264,"1,592",-319
21/12/2020 ,"3,097","148,308","8,366","4,806","164,577","13,172",10,"1,350",309,-203,"1,466",106
22/12/2020 ,"3,115","149,691","8,620","4,462","165,888","13,082",18,"1,383",254,-344,"1,311",-90
23/12/2020 ,"3,130","151,122","8,643","4,947","167,842","13,590",15,"1,431",23,485,"1,954",508
24/12/2020 ,"3,146","152,491","8,833","5,305","169,775","14,138",16,"1,369",190,358,"1,933",548
25/12/2020 ,"3,167","154,242","8,720","5,742","171,871","14,462",21,"1,751",-113,437,"2,096",324
26/12/2020 ,"3,182","156,798","9,439","4,510","173,929","13,949",15,"2,556",719,"-1,232","2,058",-513
27/12/2020 ,"3,204","158,615","9,655","4,452","175,926","14,107",22,"1,817",216,-58,"1,997",158
28/12/2020 ,"3,226","159,878","9,919","4,581","177,604","14,500",22,"1,263",264,129,"1,678",393
29/12/2020 ,"3,246","161,337","10,018","5,059","179,660","15,077",20,"1,459",99,478,"2,056",577
30/12/2020 ,"3,266","162,911","9,882","5,654","181,713","15,536",20,"1,574",-136,595,"2,053",459
31/12/2020 ,"3,287","164,881","9,746","5,821","183,735","15,567",21,"1,970",-136,167,"2,022",31
01/01/2021 ,"3,308","166,512","10,082","5,789","185,691","15,871",21,"1,631",336,-32,"1,956",304
02/01/2021 ,"3,334","168,781","10,872","4,599","187,586","15,471",26,"2,269",790,"-1,190","1,895",-400
03/01/2021 ,"3,345","170,510","10,978","4,410","189,243","15,388",11,"1,729",106,-189,"1,657",-83
04/01/2021 ,"3,369","173,036","10,371","4,299","191,075","14,670",24,"2,526",-607,-111,"1,832",-718
05/01/2021 ,"3,392","174,131","10,897","4,479","192,899","15,376",23,"1,095",526,180,"1,824",706
06/01/2021 ,"3,410","175,441","12,196","4,254","195,301","16,450",18,"1,310","1,299",-225,"2,402","1,074"
07/01/2021 ,"3,435","176,882","12,781","4,601","197,699","17,382",25,"1,441",585,347,"2,398",932
08/01/2021 ,"3,463","179,562","13,397","4,236","200,658","17,633",28,"2,680",616,-365,"2,959",251
09/01/2021 ,"3,485","181,613","13,076","5,237","203,411","18,313",22,"2,051",-321,"1,001","2,753",680
10/01/2021 ,"3,517","184,576","13,166","4,863","206,122","18,029",32,"2,963",90,-374,"2,711",-284
11/01/2021 ,"3,551","187,086","13,541","4,405","208,583","17,946",34,"2,510",375,-458,"2,461",-83
12/01/2021 ,"3,589","188,675","14,591","4,397","211,252","18,988",38,"1,589","1,050",-8,"2,669","1,042"
13/01/2021 ,"3,634","191,635","15,009","4,450","214,728","19,459",45,"2,960",418,53,"3,476",471
14/01/2021 ,"3,675","193,719","15,852","4,647","217,893","20,499",41,"2,084",843,197,"3,165","1,040"
15/01/2021 ,"3,710","195,924","15,553","5,247","220,434","20,800",35,"2,205",-299,600,"2,541",301
16/01/2021 ,"3,745","198,136","17,524","4,565","223,970","22,089",35,"2,212","1,971",-682,"3,536","1,289"
17/01/2021 ,"3,779","201,907","16,741","4,938","227,365","21,679",34,"3,771",-783,373,"3,395",-410
18/01/2021 ,"3,815","204,711","16,419","4,781","229,726","21,200",36,"2,804",-322,-157,"2,361",-479
19/01/2021 ,"3,836","209,238","14,604","4,611","232,289","19,215",21,"4,527","-1,815",-170,"2,563","-1,985"
20/01/2021 ,"3,868","210,983","16,389","4,835","236,075","21,224",32,"1,745","1,785",224,"3,786","2,009"
21/01/2021 ,"3,900","213,570","16,966","4,790","239,226","21,756",32,"2,587",577,-45,"3,151",532
22/01/2021 ,"3,940","215,719","17,752","5,607","243,018","23,359",40,"2,149",786,817,"3,792","1,603"
23/01/2021 ,"3,980","219,287","18,657","4,379","246,303","23,036",40,"3,568",905,"-1,228","3,285",-323
24/01/2021 ,"4,024","221,567","19,554","4,670","249,815","24,224",44,"2,280",897,291,"3,512","1,188"
25/01/2021 ,"4,063","224,071","19,869","4,263","252,266","24,132",39,"2,504",315,-407,"2,451",-92
26/01/2021 ,"4,108","227,010","19,432","4,030","254,580","23,462",45,"2,939",-437,-233,"2,314",-670
27/01/2021 ,"4,134","229,981","18,528","3,773","256,416","22,301",26,"2,971",-904,-257,"1,836","-1,161"
28/01/2021 ,"4,185","232,701","18,473","3,946","259,305","22,419",51,"2,720",-55,173,"2,889",118
29/01/2021 ,"4,224","235,140","19,381","4,008","262,753","23,389",39,"2,439",908,62,"3,448",970
30/01/2021 ,"4,254","238,395","20,539","3,056","266,244","23,595",30,"3,255","1,158",-952,"3,491",206
31/01/2021 ,"4,267","242,069","19,272","4,110","269,718","23,382",13,"3,674","-1,267","1,054","3,474",-213
01/02/2021 ,"4,337","244,202","19,824","4,969","273,332","24,793",70,"2,133",552,859,"3,614","1,411"
02/02/2021 ,"4,379","248,515","18,925","4,875","276,694","23,800",42,"4,313",-899,-94,"3,362",-993
03/02/2021 ,"4,420","249,810","21,863","4,168","280,261","26,031",41,"1,295","2,938",-707,"3,567","2,231"
04/02/2021 ,"4,461","254,155","20,419","4,858","283,893","25,277",41,"4,345","-1,444",690,"3,632",-754
05/02/2021 ,"4,502","256,702","21,191","4,838","287,233","26,029",41,"2,547",772,-20,"3,340",752
06/02/2021 ,"4,541","261,027","19,325","4,719","289,612","24,044",39,"4,325","-1,866",-119,"2,379","-1,985"
07/02/2021 ,"4,587","265,369","17,958","5,911","293,825","23,869",46,"4,342","-1,367","1,192","4,213",-175
08/02/2021 ,"4,631","268,785","17,766","5,787","296,969","23,553",44,"3,416",-192,-124,"3,144",-316
09/02/2021 ,"4,681","271,573","18,174","5,978","300,406","24,152",50,"2,788",408,191,"3,437",599
10/02/2021 ,"4,725","274,817","16,676","7,497","303,715","24,173",44,"3,244","-1,498","1,519","3,309",21
11/02/2021 ,"4,748","278,822","14,119","8,540","306,229","22,659",23,"4,005","-2,557","1,043","2,514","-1,514"
12/02/2021 ,"4,798","284,579","10,774","9,888","310,039","20,662",50,"5,757","-3,345","1,348","3,810","-1,997"
13/02/2021 ,"4,850","289,189","9,644","9,374","313,057","19,018",52,"4,610","-1,130",-514,"3,018","-1,644"
14/02/2021 ,"4,895","293,538","9,017","8,103","315,553","17,120",45,"4,349",-627,"-1,271","2,496","-1,898"
15/02/2021 ,"4,940","295,623","8,881","7,988","317,432","16,869",45,"2,085",-136,-115,"1,879",-251
16/02/2021 ,"4,987","297,695","9,042","7,569","319,293","16,611",47,"2,072",161,-419,"1,861",-258
17/02/2021 ,"5,026","299,795","8,467","7,450","320,738","15,917",39,"2,100",-575,-119,"1,445",-694
18/02/2021 ,"5,044","302,451","7,067","6,549","321,111","13,616",18,"2,656","-1,400",-901,373,"-2,301"
19/02/2021 ,"5,081","304,995","7,323","5,632","323,031","12,955",37,"2,544",256,-917,"1,920",-661
20/02/2021 ,"5,121","307,759","7,165","5,858","325,903","13,023",40,"2,764",-158,226,"2,872",68
21/02/2021 ,"5,172","310,412","7,137","5,902","328,623","13,039",51,"2,653",-28,44,"2,720",16
22/02/2021 ,"5,206","312,748","7,528","5,612","331,094","13,140",34,"2,336",391,-290,"2,471",101
23/02/2021 ,"5,248","314,563","7,126","4,939","331,876","12,065",42,"1,815",-402,-673,782,"-1,075"
24/02/2021 ,"5,301","317,003","6,008","4,346","332,658","10,354",53,"2,440","-1,118",-593,782,"-1,711"
25/02/2021 ,"5,346","319,326","5,499","4,068","334,239","9,567",45,"2,323",-509,-278,"1,581",-787
26/02/2021 ,"5,385","321,038","5,560","3,917","335,900","9,477",39,"1,712",61,-151,"1,661",-90
27/02/2021 ,"5,439","322,285","5,885","4,028","337,637","9,913",54,"1,247",325,111,"1,737",436
28/02/2021 ,"5,478","323,892","5,940","4,425","339,735","10,365",39,"1,607",55,397,"2,098",452
01/03/2021 ,"5,528","326,509","5,891","3,865","341,793","9,756",50,"2,617",-49,-560,"2,058",-609
02/03/2021 ,"5,568","328,526","5,072","3,205","342,371","8,277",40,"2,017",-819,-660,578,"-1,479"
03/03/2021 ,"5,613","331,016","3,742","3,437","343,808","7,179",45,"2,490","-1,330",232,"1,437","-1,098"
04/03/2021 ,"5,657","332,758","3,940","3,461","345,816","7,401",44,"1,742",198,24,"2,008",222
05/03/2021 ,"5,702","334,100","4,026","3,147","346,975","7,173",45,"1,342",86,-314,"1,159",-228
06/03/2021 ,"5,748","335,617","4,228","2,998","348,591","7,226",46,"1,517",202,-149,"1,616",53
07/03/2021 ,"5,790","337,426","4,194","3,015","350,425","7,209",42,"1,809",-34,17,"1,834",-17
08/03/2021 ,"5,838","338,931","4,494","2,945","352,208","7,439",48,"1,505",300,-70,"1,783",230
09/03/2021 ,"5,883","340,587","3,856","2,749","353,075","6,605",45,"1,656",-638,-196,867,-834
10/03/2021 ,"5,923","341,398","3,691","3,103","354,115","6,794",40,811,-165,354,"1,040",189
11/03/2021 ,"5,943","342,306","4,253","3,367","355,869","7,620",20,908,562,264,"1,754",826
12/03/2021 ,"5,969","343,351","4,670","3,752","357,742","8,422",26,"1,045",417,385,"1,873",802
13/03/2021 ,"5,991","345,202","4,226","3,357","358,776","7,583",22,"1,851",-444,-395,"1,034",-839
14/03/2021 ,"6,026","347,210","3,443","3,301","359,980","6,744",35,"2,008",-783,-56,"1,204",-839
15/03/2021 ,"6,038","349,002","3,485","3,010","361,535","6,495",12,"1,792",42,-291,"1,555",-249
16/03/2021 ,"6,062","350,561","2,996","2,751","362,370","5,747",24,"1,559",-489,-259,835,-748
17/03/2021 ,"6,077","351,680","2,907","3,036","363,700","5,943",15,"1,119",-89,285,"1,330",196
18/03/2021 ,"6,100","352,827","3,273","3,219","365,419","6,492",23,"1,147",366,183,"1,719",549
19/03/2021 ,"6,120","354,036","3,483","3,368","367,007","6,851",20,"1,209",210,149,"1,588",359
20/03/2021 ,"6,143","355,221","3,894","3,686","368,944","7,580",23,"1,185",411,318,"1,937",729
21/03/2021 ,"6,160","357,100","3,859","3,463","370,582","7,322",17,"1,879",-35,-223,"1,638",-258
22/03/2021 ,"6,179","358,826","3,775","3,276","372,056","7,051",19,"1,726",-84,-187,"1,474",-271
23/03/2021 ,"6,206","360,479","3,107","3,079","372,871","6,186",27,"1,653",-668,-197,815,-865
24/03/2021 ,"6,224","362,248","2,650","2,639","373,761","5,289",18,"1,769",-457,-440,890,-897
25/03/2021 ,"6,241","362,975","3,222","3,049","375,487","6,271",17,727,572,410,"1,726",982
26/03/2021 ,"6,260","363,599","3,629","3,380","376,868","7,009",19,624,407,331,"1,381",738
27/03/2021 ,"6,281","364,251","3,932","3,758","378,222","7,690",21,652,303,378,"1,354",681
28/03/2021 ,"6,304","365,592","3,966","3,830","379,692","7,796",23,"1,341",34,72,"1,470",106
29/03/2021 ,"6,324","366,615","4,034","3,733","380,706","7,767",20,"1,023",68,-97,"1,014",-29
30/03/2021 ,"6,327","367,819","3,419","3,525","381,090","6,944",3,"1,204",-615,-208,384,-823
31/03/2021 ,"6,341","369,007","3,028","3,679","382,055","6,707",14,"1,188",-391,154,965,-237
01/04/2021 ,"6,344","369,929","3,447","3,672","383,392","7,119",3,922,419,-7,"1,337",412
02/04/2021 ,"6,351","371,254","3,433","3,594","384,632","7,027",7,"1,325",-14,-78,"1,240",-92
03/04/2021 ,"6,356","372,494","3,317","3,563","385,730","6,880",5,"1,240",-116,-31,"1,098",-147
04/04/2021 ,"6,360","373,565","3,149","3,392","386,466","6,541",4,"1,071",-168,-171,736,-339
05/04/2021 ,"6,372","374,542","2,771","3,304","386,989","6,075",12,977,-378,-88,523,-466
06/04/2021 ,"6,379","375,080","2,705","3,312","387,476","6,017",7,538,-66,8,487,-58
07/04/2021 ,"6,391","375,651","2,814","3,482","388,338","6,296",12,571,109,170,862,279
08/04/2021 ,"6,410","376,270","3,244","3,653","389,577","6,897",19,619,430,171,"1,239",601
09/04/2021 ,"6,424","376,959","3,506","3,701","390,590","7,207",14,689,262,48,"1,013",310
10/04/2021 ,"6,435","377,797","3,716","3,619","391,567","7,335",11,838,210,-82,977,128
11/04/2021 ,"6,450","379,210","3,617","3,321","392,598","6,938",15,"1,413",-99,-298,"1,031",-397
12/04/2021 ,"6,459","380,560","3,324","2,947","393,290","6,271",9,"1,350",-293,-374,692,-667
13/04/2021 ,"6,482","381,449","3,326","2,861","394,118","6,187",23,889,2,-86,828,-84
14/04/2021 ,"6,489","382,091","3,338","2,861","394,779","6,199",7,642,12,0,661,12
15/04/2021 ,"6,504","382,617","3,921","3,067","396,109","6,988",15,526,583,206,"1,330",789
16/04/2021 ,"6,513","383,655","3,607","3,313","397,088","6,920",9,"1,038",-314,246,979,-68
17/04/2021 ,"6,520","384,652","3,512","3,441","398,125","6,953",7,997,-95,128,"1,037",33
18/04/2021 ,"6,536","385,615","3,313","3,611","399,075","6,924",16,963,-199,170,950,-29
19/04/2021 ,"6,558","386,606","3,218","3,666","400,048","6,884",22,991,-95,55,973,-40
20/04/2021 ,"6,569","387,507","2,945","3,487","400,508","6,432",11,901,-273,-179,460,-452
21/04/2021 ,"6,587","388,083","2,954","3,486","401,110","6,440",18,576,9,-1,602,8
22/04/2021 ,"6,596","388,735","3,497","3,548","402,376","7,045",9,652,543,62,"1,266",605
23/04/2021 ,"6,612","389,445","3,584","3,619","403,260","7,203",16,710,87,71,884,158
24/04/2021 ,"6,623","390,334","3,563","3,647","404,167","7,210",11,889,-21,28,907,7
25/04/2021 ,"6,645","391,301","3,399","3,718","405,063","7,117",22,967,-164,71,896,-93
26/04/2021 ,"6,660","392,595","3,152","3,405","405,812","6,557",15,"1,294",-247,-313,749,-560
27/04/2021 ,"6,679","393,205","2,999","3,322","406,205","6,321",19,610,-153,-83,393,-236
28/04/2021 ,"6,690","393,814","2,950","3,390","406,844","6,340",11,609,-49,68,639,19
29/04/2021 ,"6,710","394,403","3,308","3,410","407,831","6,718",20,589,358,20,987,378
30/04/2021 ,"6,733","394,939","3,421","3,527","408,620","6,948",23,536,113,117,789,230
01/05/2021 ,"6,747","395,644","3,533","3,622","409,546","7,155",14,705,112,95,926,207
02/05/2021 ,"6,767","396,594","3,450","3,589","410,400","7,039",20,950,-83,-33,854,-116
03/05/2021 ,"6,788","397,349","3,483","3,537","411,157","7,020",21,755,33,-52,757,-19
04/05/2021 ,"6,807","397,955","3,247","3,564","411,573","6,811",19,606,-236,27,416,-209
05/05/2021 ,"6,830","398,610","3,240","3,738","412,418","6,978",23,655,-7,174,845,167
06/05/2021 ,"6,850","399,224","3,406","3,843","413,323","7,249",20,614,166,105,905,271
07/05/2021 ,"6,872","399,821","3,485","3,928","414,106","7,413",22,597,79,85,783,164
08/05/2021 ,"6,896","400,403","3,569","3,970","414,838","7,539",24,582,84,42,732,126
09/05/2021 ,"6,911","401,114","3,648","3,974","415,647","7,622",15,711,79,4,809,83
10/05/2021 ,"6,933","401,744","3,723","3,941","416,341","7,664",22,630,75,-33,694,42
11/05/2021 ,"6,952","402,374","3,490","3,931","416,747","7,421",19,630,-233,-10,406,-243
12/05/2021 ,"6,973","403,039","3,402","3,989","417,403","7,391",21,665,-88,58,656,-30
13/05/2021 ,"6,973","403,630","3,630","3,955","418,188","7,585",0,591,228,-34,785,194
14/05/2021 ,"7,003","404,187","3,502","4,128","418,820","7,630",30,557,-128,173,632,45
15/05/2021 ,"7,066","404,715","3,288","3,978","419,047","7,266",63,528,-214,-150,227,-364
16/05/2021 ,"7,082","404,980","3,189","3,957","419,208","7,146",16,265,-99,-21,161,-120
17/05/2021 ,"7,107","405,229","3,158","4,135","419,629","7,293",25,249,-31,178,421,147
18/05/2021 ,"7,130","405,357","3,248","4,185","419,920","7,433",23,128,90,50,291,140
19/05/2021 ,"7,149","405,535","3,366","4,409","420,459","7,775",19,178,118,224,539,342
20/05/2021 ,"7,169","405,714","3,797","4,674","421,354","8,471",20,179,431,265,895,696
21/05/2021 ,"7,184","405,918","4,142","4,966","422,210","9,108",15,204,345,292,856,637
22/05/2021 ,"7,196","406,300","4,386","5,260","423,142","9,646",12,382,244,294,932,538
23/05/2021 ,"7,207","406,669","4,744","5,389","424,009","10,133",11,369,358,129,867,487
24/05/2021 ,"7,225","406,987","5,079","5,537","424,828","10,616",18,318,335,148,819,483
25/05/2021 ,"7,239","407,493","5,017","5,463","425,212","10,480",14,506,-62,-74,384,-136
26/05/2021 ,"7,250","408,019","4,993","5,567","425,829","10,560",11,526,-24,104,617,80
27/05/2021 ,"7,271","408,585","5,280","5,633","426,769","10,913",21,566,287,66,940,353
28/05/2021 ,"7,288","409,497","5,161","5,516","427,462","10,677",17,912,-119,-117,693,-236
29/05/2021 ,"7,296","410,508","5,004","5,461","428,269","10,465",8,"1,011",-157,-55,807,-212
30/05/2021 ,"7,309","411,495","5,100","5,429","429,333","10,529",13,987,96,-32,"1,064",64
31/05/2021 ,"7,327","412,074","5,241","5,417","430,059","10,658",18,579,141,-12,726,129
01/06/2021 ,"7,349","412,593","5,214","5,422","430,578","10,636",22,519,-27,5,519,-22
02/06/2021 ,"7,361","413,179","5,178","5,461","431,179","10,639",12,586,-36,39,601,3
03/06/2021 ,"7,381","413,680","5,402","5,430","431,893","10,832",20,501,224,-31,714,193
04/06/2021 ,"7,402","414,496","5,414","5,487","432,799","10,901",21,816,12,57,906,69
05/06/2021 ,"7,423","415,317","5,756","5,620","434,116","11,376",21,821,342,133,"1,317",475
06/06/2021 ,"7,438","416,181","5,966","5,550","435,135","11,516",15,864,210,-70,"1,019",140
07/06/2021 ,"7,457","416,994","6,261","5,620","436,332","11,881",19,813,295,70,"1,197",365
08/06/2021 ,"7,478","417,997","6,057","5,555","437,087","11,612",21,"1,003",-204,-65,755,-269
09/06/2021 ,"7,499","419,109","6,120","5,730","438,458","11,850",21,"1,112",63,175,"1,371",238
10/06/2021 ,"7,523","420,211","6,991","5,829","440,554","12,820",24,"1,102",871,99,"2,096",970
11/06/2021 ,"7,543","421,396","7,750","6,158","442,847","13,908",20,"1,185",759,329,"2,293","1,088"
12/06/2021 ,"7,557","422,121","8,855","6,769","445,302","15,624",14,725,"1,105",611,"2,455","1,716"
13/06/2021 ,"7,571","423,056","10,034","7,410","448,071","17,444",14,935,"1,179",641,"2,769","1,820"
14/06/2021 ,"7,609","424,088","11,240","7,856","450,793","19,096",38,"1,032","1,206",446,"2,722","1,652"
15/06/2021 ,"7,634","425,417","11,102","8,142","452,295","19,244",25,"1,329",-138,286,"1,502",148
16/06/2021 ,"7,665","426,695","11,555","8,756","454,671","20,311",31,"1,278",453,614,"2,376","1,067"
17/06/2021 ,"7,713","428,764","13,054","9,284","458,815","22,338",48,"2,069","1,499",528,"4,144","2,027"
18/06/2021 ,"7,777","431,264","14,951","9,560","463,552","24,511",64,"2,500","1,897",276,"4,737","2,173"
19/06/2021 ,"7,836","433,499","16,787","10,325","468,447","27,112",59,"2,235","1,836",765,"4,895","2,601"
20/06/2021 ,"7,905","435,982","19,105","11,037","474,029","30,142",69,"2,483","2,318",712,"5,582","3,030"
21/06/2021 ,"7,976","439,007","20,717","11,343","479,043","32,060",71,"3,025","1,612",306,"5,014","1,918"
22/06/2021 ,"8,014","442,059","21,167","11,024","482,264","32,191",38,"3,052",450,-319,"3,221",131
23/06/2021 ,"8,057","443,195","22,868","12,837","486,957","35,705",43,"1,136","1,701","1,813","4,693","3,514"
24/06/2021 ,"8,107","445,718","26,403","14,234","494,462","40,637",50,"2,523","3,535","1,397","7,505","4,932"
25/06/2021 ,"8,177","448,288","29,325","15,606","501,396","44,931",70,"2,570","2,922","1,372","6,934","4,294"
26/06/2021 ,"8,220","451,013","33,829","17,605","510,667","51,434",43,"2,725","4,504","1,999","9,271","6,503"
27/06/2021 ,"8,269","454,497","38,464","18,831","520,061","57,295",49,"3,484","4,635","1,226","9,394","5,861"
28/06/2021 ,"8,348","457,935","42,252","19,874","528,409","62,126",79,"3,438","3,788","1,043","8,348","4,831"
29/06/2021 ,"8,426","461,439","45,504","20,419","535,788","65,923",78,"3,504","3,252",545,"7,379","3,797"
30/06/2021 ,"8,486","464,943","47,829","22,210","543,468","70,039",60,"3,504","2,325","1,791","7,680","4,116"
01/07/2021 ,"8,528","468,461","49,836","24,184","551,009","74,020",42,"3,518","2,007","1,974","7,541","3,981"
02/07/2021 ,"8,547","473,467","53,014","25,380","560,408","78,394",19,"5,006","3,178","1,196","9,399","4,374"
03/07/2021 ,"8,577","479,150","54,941","27,442","570,110","82,383",30,"5,683","1,927","2,062","9,702","3,989"
04/07/2021 ,"8,652","484,949","59,307","27,687","580,595","86,994",75,"5,799","4,366",245,"10,485","4,611"
05/07/2021 ,"8,779","491,556","62,873","28,290","591,498","91,163",127,"6,607","3,566",603,"10,903","4,169"
06/07/2021 ,"8,861","497,492","65,448","29,136","600,937","94,584",82,"5,936","2,575",846,"9,439","3,421"
07/07/2021 ,"9,042","501,199","69,644","30,418","610,303","100,062",181,"3,707","4,196","1,282","9,366","5,478"
08/07/2021 ,"9,110","512,085","72,361","29,721","623,277","102,082",68,"10,886","2,717",-697,"12,974","2,020"
09/07/2021 ,"9,306","526,941","73,239","26,903","636,389","100,142",196,"14,856",878,"-2,818","13,112","-1,940"
10/07/2021 ,"9,357","543,867","71,812","24,273","649,309","96,085",51,"16,926","-1,427","-2,630","12,920","-4,057"
11/07/2021 ,"9,395","564,437","68,251","20,359","662,442","88,610",38,"20,570","-3,561","-3,914","13,133","-7,475"
12/07/2021 ,"9,462","584,912","66,581","16,106","677,061","82,687",67,"20,475","-1,670","-4,253","14,619","-5,923"
13/07/2021 ,"9,541","589,486","71,848","18,368","689,243","90,216",79,"4,574","5,267","2,262","12,182","7,529"
14/07/2021 ,"9,603","592,556","78,571","21,180","701,910","99,751",62,"3,070","6,723","2,812","12,667","9,535"
15/07/2021 ,"9,743","595,582","86,298","22,978","714,601","109,276",140,"3,026","7,727","1,798","12,691","9,525"
16/07/2021 ,"9,845","604,033","88,295","24,843","727,016","113,138",102,"8,451","1,997","1,865","12,415","3,862"
17/07/2021 ,"9,902","615,640","87,929","23,713","737,184","111,642",57,"11,607",-366,"-1,130","10,168","-1,496"
18/07/2021 ,"10,103","627,481","86,457","22,271","746,312","108,728",201,"11,841","-1,472","-1,442","9,128","-2,914"
19/07/2021 ,"10,345","640,171","81,275","19,521","751,312","100,796",242,"12,690","-5,182","-2,750","5,000","-7,932"
20/07/2021 ,"10,610","652,242","75,776","18,897","757,525","94,673",265,"12,071","-5,499",-624,"6,213","-6,123"
21/07/2021 ,"10,692","662,800","72,115","17,822","763,429","89,937",82,"10,558","-3,661","-1,075","5,904","-4,736"
22/07/2021 ,"10,865","673,424","68,974","17,224","770,487","86,198",173,"10,624","-3,141",-598,"7,058","-3,739"
23/07/2021 ,"11,021","687,864","62,789","16,846","778,520","79,635",156,"14,440","-6,185",-378,"8,033","-6,563"
24/07/2021 ,"11,181","702,477","56,946","16,276","786,880","73,222",160,"14,613","-5,843",-570,"8,360","-6,413"
25/07/2021 ,"11,333","716,838","48,934","15,168","792,273","64,102",152,"14,361","-8,012","-1,108","5,393","-9,120"
26/07/2021 ,"11,436","731,504","38,271","13,724","794,935","51,995",103,"14,666","-10,663","-1,444","2,662","-12,107"
27/07/2021 ,"11,606","746,087","26,961","13,848","798,502","40,809",170,"14,583","-11,310",124,"3,567","-11,186"
28/07/2021 ,"11,688","757,122","22,332","12,885","804,027","35,217",82,"11,035","-4,629",-963,"5,525","-5,592"
29/07/2021 ,"11,844","768,562","16,676","10,790","807,872","27,466",156,"11,440","-5,656","-2,095","3,845","-7,751"
30/07/2021 ,"11,952","779,720","11,264","8,390","811,326","19,654",108,"11,158","-5,412","-2,400","3,454","-7,812"
31/07/2021 ,"12,135","784,668","10,134","7,716","814,653","17,850",183,"4,948","-1,130",-674,"3,327","-1,804"
01/08/2021 ,"12,209","789,261","9,399","6,485","817,354","15,884",74,"4,593",-735,"-1,231","2,701","-1,966"
02/08/2021 ,"12,363","791,422","9,202","5,777","818,764","14,979",154,"2,161",-197,-708,"1,410",-905
03/08/2021 ,"12,433","793,928","8,705","5,299","820,365","14,004",70,"2,506",-497,-478,"1,601",-975
04/08/2021 ,"12,514","796,381","9,535","4,916","823,346","14,451",81,"2,453",830,-383,"2,981",447
05/08/2021 ,"12,629","799,151","9,458","4,419","825,657","13,877",115,"2,770",-77,-497,"2,311",-574
06/08/2021 ,"12,682","802,373","8,813","3,974","827,842","12,787",53,"3,222",-645,-445,"2,185","-1,090"
07/08/2021 ,"12,750","806,924","6,957","3,219","829,850","10,176",68,"4,551","-1,856",-755,"2,008","-2,611"
08/08/2021 ,"12,770","808,087","7,567","3,075","831,499","10,642",20,"1,163",610,-144,"1,649",466
09/08/2021 ,"12,783","809,087","7,430","2,926","832,226","10,356",13,"1,000",-137,-149,727,-286
10/08/2021 ,"12,824","810,308","7,495","3,024","833,651","10,519",41,"1,221",65,98,"1,425",163
11/08/2021 ,"12,866","811,642","7,873","3,228","835,609","11,101",42,"1,334",378,204,"1,958",582
12/08/2021 ,"12,908","813,898","7,008","2,873","836,687","9,881",42,"2,256",-865,-355,"1,078","-1,220"
13/08/2021 ,"12,976","815,468","6,724","2,729","837,897","9,453",68,"1,570",-284,-144,"1,210",-428
14/08/2021 ,"13,005","816,687","6,748","2,820","839,260","9,568",29,"1,219",24,91,"1,363",115
15/08/2021 ,"13,022","817,764","6,755","2,901","840,442","9,656",17,"1,077",7,81,"1,182",88
16/08/2021 ,"13,050","818,700","6,290","2,915","840,955","9,205",28,936,-465,14,513,-451
17/08/2021 ,"13,074","819,620","5,955","2,961","841,610","8,916",24,920,-335,46,655,-289
18/08/2021 ,"13,087","820,517","6,006","3,029","842,639","9,035",13,897,51,68,"1,029",119
19/08/2021 ,"13,121","821,451","5,794","3,004","843,370","8,798",34,934,-212,-25,731,-237
20/08/2021 ,"13,132","822,399","5,721","3,087","844,339","8,808",11,948,-73,83,969,10
21/08/2021 ,"13,152","823,314","5,565","3,199","845,230","8,764",20,915,-156,112,891,-44
22/08/2021 ,"13,173","824,227","5,584","2,947","845,931","8,531",21,913,19,-252,701,-233
23/08/2021 ,"13,193","824,958","5,477","2,788","846,416","8,265",20,731,-107,-159,485,-266
24/08/2021 ,"13,203","825,573","5,277","2,847","846,900","8,124",10,615,-200,59,484,-141
25/08/2021 ,"13,214","826,302","5,442","2,731","847,689","8,173",11,729,165,-116,789,49
26/08/2021 ,"13,216","827,333","5,110","2,604","848,263","7,714",2,"1,031",-332,-127,574,-459
27/08/2021 ,"13,232","827,674","5,491","2,504","848,901","7,995",16,341,381,-100,638,281
28/08/2021 ,"13,242","828,125","5,607","2,395","849,369","8,002",10,451,116,-109,468,7
29/08/2021 ,"13,252","828,838","5,497","2,256","849,843","7,753",10,713,-110,-139,474,-249
30/08/2021 ,"13,261","829,668","5,097","2,158","850,184","7,255",9,830,-400,-98,341,-498
31/08/2021 ,"13,290","830,197","4,980","2,116","850,583","7,096",29,529,-117,-42,399,-159
01/09/2021 ,"13,302","831,293","4,489","2,172","851,256","6,661",12,"1,096",-491,56,673,-435
02/09/2021 ,"13,312","832,130","4,201","2,043","851,686","6,244",10,837,-288,-129,430,-417
03/09/2021 ,"13,322","832,952","3,841","1,914","852,029","5,755",10,822,-360,-129,343,-489
04/09/2021 ,"13,332","833,437","3,807","1,813","852,389","5,620",10,485,-34,-101,360,-135
05/09/2021 ,"13,342","833,765","3,820","1,765","852,692","5,585",10,328,13,-48,303,-35
06/09/2021 ,"13,359","834,489","3,417","1,644","852,909","5,061",17,724,-403,-121,217,-524
07/09/2021 ,"13,372","835,030","3,172","1,597","853,171","4,769",13,541,-245,-47,262,-292
08/09/2021 ,"13,386","835,700","2,977","1,536","853,599","4,513",14,670,-195,-61,428,-256
09/09/2021 ,"13,399","836,187","2,843","1,478","853,907","4,321",13,487,-134,-58,308,-192
10/09/2021 ,"13,411","836,644","2,659","1,454","854,168","4,113",12,457,-184,-24,261,-208
11/09/2021 ,"13,431","837,033","2,554","1,418","854,436","3,972",20,389,-105,-36,268,-141
12/09/2021 ,"13,437","837,364","2,539","1,402","854,742","3,941",6,331,-15,-16,306,-31
13/09/2021 ,"13,443","837,805","2,454","1,227","854,929","3,681",6,441,-85,-175,187,-260
14/09/2021 ,"13,445","838,306","2,268","1,100","855,119","3,368",2,501,-186,-127,190,-313
15/09/2021 ,"13,455","838,680","2,223","1,066","855,424","3,289",10,374,-45,-34,305,-79
16/09/2021 ,"13,464","839,022","2,092","1,022","855,600","3,114",9,342,-131,-44,176,-175
17/09/2021 ,"13,469","839,379","1,958","1,000","855,806","2,958",5,357,-134,-22,206,-156
18/09/2021 ,"13,475","839,623","1,934",974,"856,006","2,908",6,244,-24,-26,200,-50
19/09/2021 ,"13,479","839,803","1,916",963,"856,161","2,879",4,180,-18,-11,155,-29
20/09/2021 ,"13,482","840,212","1,694",864,"856,252","2,558",3,409,-222,-99,91,-321
21/09/2021 ,"13,486","840,525","1,552",795,"856,358","2,347",4,313,-142,-69,106,-211
22/09/2021 ,"13,490","840,812","1,509",774,"856,585","2,283",4,287,-43,-21,227,-64
23/09/2021 ,"13,493","841,065","1,505",687,"856,750","2,192",3,253,-4,-87,165,-91
24/09/2021 ,"13,497","841,393","1,409",632,"856,931","2,041",4,328,-96,-55,181,-151
25/09/2021 ,"13,500","841,592","1,381",591,"857,064","1,972",3,199,-28,-41,133,-69
26/09/2021 ,"13,503","841,719","1,403",607,"857,232","2,010",3,127,22,16,168,38
27/09/2021 ,"13,507","841,980","1,296",552,"857,335","1,848",4,261,-107,-55,103,-162
28/09/2021 ,"13,512","842,141","1,246",540,"857,439","1,786",5,161,-50,-12,104,-62
29/09/2021 ,"13,516","842,336","1,230",534,"857,616","1,764",4,195,-16,-6,177,-22
30/09/2021 ,"13,519","842,541","1,195",510,"857,765","1,705",3,205,-35,-24,149,-59
01/10/2021 ,"13,524","842,715","1,173",504,"857,916","1,677",5,174,-22,-6,151,-28
02/10/2021 ,"13,529","842,842","1,217",483,"858,071","1,700",5,127,44,-21,155,23
03/10/2021 ,"13,534","842,929","1,235",500,"858,198","1,735",5,87,18,17,127,35
04/10/2021 ,"13,534","843,091","1,261",461,"858,347","1,722",0,162,26,-39,149,-13
05/10/2021 ,"13,538","843,239","1,198",444,"858,419","1,642",4,148,-63,-17,72,-80
06/10/2021 ,"13,540","843,414","1,217",451,"858,622","1,668",2,175,19,7,203,26
07/10/2021 ,"13,541","843,529","1,253",448,"858,771","1,701",1,115,36,-3,149,33
08/10/2021 ,"13,541","843,738","1,206",436,"858,921","1,642",0,209,-47,-12,150,-59
09/10/2021 ,"13,543","843,822","1,229",427,"859,021","1,656",2,84,23,-9,100,14
10/10/2021 ,"13,547","843,891","1,285",438,"859,161","1,723",4,69,56,11,140,67
11/10/2021 ,"13,549","844,189","1,078",386,"859,202","1,464",2,298,-207,-52,41,-259
12/10/2021 ,"13,550","844,538",947,310,"859,345","1,257",1,349,-131,-76,143,-207
13/10/2021 ,"13,550","844,742",972,359,"859,623","1,331",0,204,25,49,278,74
14/10/2021 ,"13,550","844,839",978,369,"859,736","1,347",0,97,6,10,113,16
15/10/2021 ,"13,550","844,901","1,030",379,"859,860","1,409",0,62,52,10,124,62
16/10/2021 ,"13,551","845,121",992,350,"860,014","1,342",1,220,-38,-29,154,-67
17/10/2021 ,"13,551","845,248",998,348,"860,145","1,346",0,127,6,-2,131,4
18/10/2021 ,"13,552","845,386",984,330,"860,252","1,314",1,138,-14,-18,107,-32
19/10/2021 ,"13,552","845,508",967,331,"860,358","1,298",0,122,-17,1,106,-16
20/10/2021 ,"13,552","845,650",947,312,"860,461","1,259",0,142,-20,-19,103,-39
21/10/2021 ,"13,553","845,763",934,300,"860,550","1,234",1,113,-13,-12,89,-25
22/10/2021 ,"13,553","845,884",895,301,"860,633","1,196",0,121,-39,1,83,-38
23/10/2021 ,"13,555","846,056",846,292,"860,749","1,138",2,172,-49,-9,116,-58
24/10/2021 ,"13,556","846,185",852,287,"860,880","1,139",1,129,6,-5,131,1
25/10/2021 ,"13,557","846,352",774,279,"860,962","1,053",1,167,-78,-8,82,-86
26/10/2021 ,"13,558","846,525",660,256,"860,999",916,1,173,-114,-23,37,-137
27/10/2021 ,"13,559","846,667",618,260,"861,104",878,1,142,-42,4,105,-38
28/10/2021 ,"13,560","846,749",670,256,"861,235",926,1,82,52,-4,131,48
29/10/2021 ,"13,560","846,799",713,259,"861,331",972,0,50,43,3,96,46
30/10/2021 ,"13,561","846,942",660,264,"861,427",924,1,143,-53,5,96,-48
31/10/2021 ,"13,562","847,021",686,271,"861,540",957,1,79,26,7,113,33
01/11/2021 ,"13,562","847,066",722,273,"861,623",995,0,45,36,2,83,38
02/11/2021 ,"13,562","847,201",671,266,"861,700",937,0,135,-51,-7,77,-58
03/11/2021 ,"13,563","847,353",658,258,"861,832",916,1,152,-13,-8,132,-21
04/11/2021 ,"13,564","847,403",718,258,"861,943",976,1,50,60,0,111,60
05/11/2021 ,"13,565","847,438",802,256,"862,061","1,058",1,35,84,-2,118,82
06/11/2021 ,"13,566","847,685",648,231,"862,130",879,1,247,-154,-25,69,-179
07/11/2021 ,"13,566","847,808",653,220,"862,247",873,0,123,5,-11,117,-6
08/11/2021 ,"13,566","847,885",627,198,"862,276",825,0,77,-26,-22,29,-48
09/11/2021 ,"13,566","848,034",577,193,"862,370",770,0,149,-50,-5,94,-55
10/11/2021 ,"13,566","848,093",608,198,"862,465",806,0,59,31,5,95,36
11/11/2021 ,"13,567","848,137",660,208,"862,572",868,1,44,52,10,107,62
12/11/2021 ,"13,567","848,311",578,187,"862,643",765,0,174,-82,-21,71,-103
13/11/2021 ,"13,567","848,419",534,177,"862,697",711,0,108,-44,-10,54,-54
14/11/2021 ,"13,568","848,527",514,180,"862,789",694,1,108,-20,3,92,-17
15/11/2021 ,"13,569","848,604",477,175,"862,825",652,1,77,-37,-5,36,-42
16/11/2021 ,"13,569","848,710",447,178,"862,904",625,0,106,-30,3,79,-27
17/11/2021 ,"13,570","848,871",397,196,"863,034",593,1,161,-50,18,130,-32
18/11/2021 ,"13,571","849,007",344,212,"863,134",556,1,136,-53,16,100,-37
19/11/2021 ,"13,573","849,111",348,199,"863,231",547,2,104,4,-13,97,-9
20/11/2021 ,"13,574","849,265",297,209,"863,345",506,1,154,-51,10,114,-41
21/11/2021 ,"13,574","849,386",296,200,"863,456",496,0,121,-1,-9,111,-10
22/11/2021 ,"13,574","849,448",278,182,"863,482",460,0,62,-18,-18,26,-36
23/11/2021 ,"13,574","849,491",303,183,"863,551",486,0,43,25,1,69,26
24/11/2021 ,"13,575","849,596",294,168,"863,633",462,1,105,-9,-15,82,-24
25/11/2021 ,"13,576","849,638",274,199,"863,687",473,1,42,-20,31,54,11
26/11/2021 ,"13,576","849,693",292,196,"863,757",488,0,55,18,-3,70,15
27/11/2021 ,"13,576","849,779",252,204,"863,811",456,0,86,-40,8,54,-32
28/11/2021 ,"13,576","849,831",272,183,"863,862",455,0,52,20,-21,51,-1
29/11/2021 ,"13,576","849,902",255,170,"863,903",425,0,71,-17,-13,41,-30
30/11/2021 ,"13,576","849,929",264,178,"863,947",442,0,27,9,8,44,17
01/12/2021 ,"13,576","849,979",282,180,"864,017",462,0,50,18,2,70,20
02/12/2021 ,"13,576","850,046",248,175,"864,045",423,0,67,-34,-5,28,-39
03/12/2021 ,"13,577","850,114",229,167,"864,087",396,1,68,-19,-8,42,-27
04/12/2021 ,"13,578","850,175",209,173,"864,135",382,1,61,-20,6,48,-14
05/12/2021 ,"13,579","850,228",210,161,"864,178",371,1,53,1,-12,43,-11
06/12/2021 ,"13,581","850,281",181,149,"864,192",330,2,53,-29,-12,14,-41
07/12/2021 ,"13,582","850,319",171,151,"864,223",322,1,38,-10,2,31,-8
08/12/2021 ,"13,583","850,364",170,147,"864,264",317,1,45,-1,-4,41,-5
09/12/2021 ,"13,583","850,439",153,125,"864,300",278,0,75,-17,-22,36,-39
10/12/2021 ,"13,583","850,475",144,124,"864,326",268,0,36,-9,-1,26,-10
11/12/2021 ,"13,583","850,517",132,126,"864,358",258,0,42,-12,2,32,-10
12/12/2021 ,"13,583","850,557",128,122,"864,390",250,0,40,-4,-4,32,-8
13/12/2021 ,"13,583","850,595",111,117,"864,406",228,0,38,-17,-5,16,-22
14/12/2021 ,"13,583","850,621",103,119,"864,426",222,0,26,-8,2,20,-6
15/12/2021 ,"13,583","850,649",104,113,"864,449",217,0,28,1,-6,23,-5
16/12/2021 ,"13,583","850,685",108,113,"864,489",221,0,36,4,0,40,4
17/12/2021 ,"13,583","850,719",118,107,"864,527",225,0,34,10,-6,38,4
18/12/2021 ,"13,583","850,751",136,131,"864,601",267,0,32,18,24,74,42
19/12/2021 ,"13,583","850,797",140,124,"864,644",264,0,46,4,-7,43,-3
20/12/2021 ,"13,584","850,817",150,131,"864,682",281,1,20,10,7,38,17
21/12/2021 ,"13,584","850,837",160,156,"864,737",316,0,20,10,25,55,35
22/12/2021 ,"13,584","850,858",176,162,"864,780",338,0,21,16,6,43,22
23/12/2021 ,"13,584","850,910",157,145,"864,796",302,0,52,-19,-17,16,-36
24/12/2021 ,"13,584","850,939",168,174,"864,865",342,0,29,11,29,69,40
25/12/2021 ,"13,584","850,984",170,207,"864,945",377,0,45,2,33,80,35
26/12/2021 ,"13,584","851,008",176,224,"864,992",400,0,24,6,17,47,23
27/12/2021 ,"13,584","851,096",171,183,"865,034",354,0,88,-5,-41,42,-46
28/12/2021 ,"13,585","851,138",236,171,"865,130",407,1,42,65,-12,96,53
29/12/2021 ,"13,587","851,167",238,165,"865,157",403,2,29,2,-6,27,-4
30/12/2021 ,"13,587","851,201",251,171,"865,210",422,0,34,13,6,53,19
31/12/2021 ,"13,588","851,222",295,192,"865,297",487,1,21,44,21,87,65
01/01/2022 ,"13,588","851,280",342,205,"865,415",547,0,58,47,13,118,60
02/01/2022 ,"13,588","851,386",428,116,"865,518",544,0,106,86,-89,103,-3
03/01/2022 ,"13,588","851,408",554,140,"865,690",694,0,22,126,24,172,150
04/01/2022 ,"13,588","851,449",627,141,"865,805",768,0,41,73,1,115,74
05/01/2022 ,"13,589","851,520",787,168,"866,064",955,1,71,160,27,259,187
06/01/2022 ,"13,589","851,572",956,214,"866,331","1,170",0,52,169,46,267,215
07/01/2022 ,"13,589","851,648","1,173",221,"866,631","1,394",0,76,217,7,300,224
08/01/2022 ,"13,589","851,727","1,336",257,"866,909","1,593",0,79,163,36,278,199
09/01/2022 ,"13,589","851,839","1,575",299,"867,302","1,874",0,112,239,42,393,281
10/01/2022 ,"13,589","851,944","1,807",322,"867,662","2,129",0,105,232,23,360,255
11/01/2022 ,"13,590","852,126","2,081",402,"868,199","2,483",1,182,274,80,537,354
12/01/2022 ,"13,590","852,269","2,246",506,"868,611","2,752",0,143,165,104,412,269
13/01/2022 ,"13,590","852,563","2,353",583,"869,089","2,936",0,294,107,77,478,184
14/01/2022 ,"13,591","852,727","2,656",669,"869,643","3,325",1,164,303,86,554,389
15/01/2022 ,"13,591","853,003","3,011",758,"870,363","3,769",0,276,355,89,720,444
16/01/2022 ,"13,591","853,522","3,045",771,"870,929","3,816",0,519,34,13,566,47
17/01/2022 ,"13,591","853,987","3,035",809,"871,422","3,844",0,465,-10,38,493,28
18/01/2022 ,"13,591","854,204","3,316",981,"872,092","4,297",0,217,281,172,670,453
19/01/2022 ,"13,591","854,589","3,799","1,125","873,104","4,924",0,385,483,144,"1,012",627
20/01/2022 ,"13,591","855,026","4,420","1,222","874,259","5,642",0,437,621,97,"1,155",718
21/01/2022 ,"13,591","855,676","5,031","1,445","875,743","6,476",0,650,611,223,"1,484",834
22/01/2022 ,"13,591","856,137","6,130","1,710","877,568","7,840",0,461,"1,099",265,"1,825","1,364"
23/01/2022 ,"13,597","856,653","7,046","2,011","879,307","9,057",6,516,916,301,"1,739","1,217"
24/01/2022 ,"13,597","857,215","8,246","2,242","881,300","10,488",0,562,"1,200",231,"1,993","1,431"
25/01/2022 ,"13,606","857,688","9,475","2,721","883,490","12,196",9,473,"1,229",479,"2,190","1,708"
26/01/2022 ,"13,612","859,305","10,850","3,232","886,999","14,082",6,"1,617","1,375",511,"3,509","1,886"
27/01/2022 ,"13,615","861,203","12,341","3,989","891,148","16,330",3,"1,898","1,491",757,"4,149","2,248"
28/01/2022 ,"13,617","862,670","14,710","4,709","895,706","19,419",2,"1,467","2,369",720,"4,558","3,089"
29/01/2022 ,"13,627","864,447","17,852","5,545","901,471","23,397",10,"1,777","3,142",836,"5,765","3,978"
30/01/2022 ,"13,639","866,477","21,629","6,348","908,093","27,977",12,"2,030","3,777",803,"6,622","4,580"
31/01/2022 ,"13,666","867,519","25,361","6,809","913,355","32,170",27,"1,042","3,732",461,"5,262","4,193"
01/02/2022 ,"13,678","869,184","28,863","8,018","919,743","36,881",12,"1,665","3,502","1,209","6,388","4,711"
02/02/2022 ,"13,689","873,212","33,384","8,590","928,875","41,974",11,"4,028","4,521",572,"9,132","5,093"
03/02/2022 ,"13,713","877,579","38,248","9,652","939,192","47,900",24,"4,367","4,864","1,062","10,317","5,926"
04/02/2022 ,"13,738","883,377","43,722","11,534","952,371","55,256",25,"5,798","5,474","1,882","13,179","7,356"
05/02/2022 ,"13,767","891,571","46,609","13,198","965,145","59,807",29,"8,194","2,887","1,664","12,774","4,551"
06/02/2022 ,"13,794","899,957","52,594","14,625","980,970","67,219",27,"8,386","5,985","1,427","15,825","7,412"
07/02/2022 ,"13,832","905,285","59,023","15,512","993,652","74,535",38,"5,328","6,429",887,"12,682","7,316"
08/02/2022 ,"13,872","910,435","62,941","17,221","1,004,469","80,162",40,"5,150","3,918","1,709","10,817","5,627"
09/02/2022 ,"13,889","923,652","63,131","18,150","1,018,822","81,281",17,"13,217",190,929,"14,353","1,119"
10/02/2022 ,"13,911","929,100","67,456","19,445","1,029,912","86,901",22,"5,448","4,325","1,295","11,090","5,620"
11/02/2022 ,"13,950","945,079","61,665","19,925","1,040,619","81,590",39,"15,979","-5,791",480,"10,707","-5,311"
12/02/2022 ,"13,989","960,624","59,225","19,198","1,053,036","78,423",39,"15,545","-2,440",-727,"12,417","-3,167"
13/02/2022 ,"14,032","975,674","54,602","18,900","1,063,208","73,502",43,"15,050","-4,623",-298,"10,172","-4,921"
14/02/2022 ,"14,085","975,770","62,755","20,873","1,073,483","83,628",53,96,"8,153","1,973","10,275","10,126"
15/02/2022 ,"14,135","984,861","63,221","20,748","1,082,965","83,969",50,"9,091",466,-125,"9,482",341
16/02/2022 ,"14,191","992,213","67,232","21,717","1,095,353","88,949",56,"7,352","4,011",969,"12,388","4,980"
17/02/2022 ,"14,255","1,008,870","60,632","20,132","1,103,889","80,764",64,"16,657","-6,600","-1,585","8,536","-8,185"
18/02/2022 ,"14,301","1,020,564","68,649","8,564","1,112,078","77,213",46,"11,694","8,017","-11,568","8,189","-3,551"
19/02/2022 ,"14,326","1,031,739","67,464","8,002","1,121,531","75,466",25,"11,175","-1,185",-562,"9,453","-1,747"
20/02/2022 ,"14,358","1,043,718","63,658","7,933","1,129,667","71,591",32,"11,979","-3,806",-69,"8,136","-3,875"
21/02/2022 ,"14,382","1,055,584","57,957","7,102","1,135,025","65,059",24,"11,866","-5,701",-831,"5,358","-6,532"
22/02/2022 ,"14,415","1,064,272","54,492","7,054","1,140,233","61,546",33,"8,688","-3,465",-48,"5,208","-3,513"
23/02/2022 ,"14,466","1,071,054","55,116","6,892","1,147,528","62,008",51,"6,782",624,-162,"7,295",462
24/02/2022 ,"14,513","1,082,827","50,250","6,793","1,154,383","57,043",47,"11,773","-4,866",-99,"6,855","-4,965"
25/02/2022 ,"14,555","1,091,226","46,586","6,540","1,158,907","53,126",42,"8,399","-3,664",-253,"4,524","-3,917"
26/02/2022 ,"14,585","1,100,117","42,956","5,924","1,163,582","48,880",30,"8,891","-3,630",-616,"4,675","-4,246"
27/02/2022 ,"14,609","1,109,056","38,294","5,580","1,167,539","43,874",24,"8,939","-4,662",-344,"3,957","-5,006"
28/02/2022 ,"14,664","1,120,433","34,301","5,441","1,174,839","39,742",55,"11,377","-3,993",-139,"7,300","-4,132"
01/03/2022 ,"14,690","1,126,008","32,698","5,077","1,178,473","37,775",26,"5,575","-1,603",-364,"3,634","-1,967"
02/03/2022 ,"14,710","1,129,828","33,246","4,885","1,182,669","38,131",20,"3,820",548,-192,"4,196",356
03/03/2022 ,"14,730","1,137,499","30,582","4,527","1,187,338","35,109",20,"7,671","-2,664",-358,"4,669","-3,022"
04/03/2022 ,"14,754","1,143,134","28,620","4,557","1,191,065","33,177",24,"5,635","-1,962",30,"3,727","-1,932"
05/03/2022 ,"14,779","1,148,415","26,276","4,654","1,194,124","30,930",25,"5,281","-2,344",97,"3,059","-2,247"
06/03/2022 ,"14,798","1,152,865","25,515","4,615","1,197,793","30,130",19,"4,450",-761,-39,"3,669",-800
07/03/2022 ,"14,828","1,156,926","23,985","4,747","1,200,486","28,732",30,"4,061","-1,530",132,"2,693","-1,398"
08/03/2022 ,"14,852","1,161,139","23,353","4,711","1,204,055","28,064",24,"4,213",-632,-36,"3,569",-668
09/03/2022 ,"14,863","1,164,852","23,627","4,585","1,207,927","28,212",11,"3,713",274,-126,"3,872",148
10/03/2022 ,"14,881","1,168,549","23,480","4,563","1,211,473","28,043",18,"3,697",-147,-22,"3,546",-169
11/03/2022 ,"14,896","1,173,761","21,240","4,124","1,214,021","25,364",15,"5,212","-2,240",-439,"2,548","-2,679"
12/03/2022 ,"14,921","1,178,124","19,285","3,796","1,216,126","23,081",25,"4,363","-1,955",-328,"2,105","-2,283"
13/03/2022 ,"14,955","1,180,576","18,707","3,762","1,218,000","22,469",34,"2,452",-578,-34,"1,874",-612
14/03/2022 ,"14,988","1,184,667","16,373","3,279","1,219,307","19,652",33,"4,091","-2,334",-483,"1,307","-2,817"
15/03/2022 ,"15,019","1,187,307","15,603","2,949","1,220,878","18,552",31,"2,640",-770,-330,"1,571","-1,100"
16/03/2022 ,"15,031","1,189,556","15,095","2,902","1,222,584","17,997",12,"2,249",-508,-47,"1,706",-555
17/03/2022 ,"15,043","1,193,225","13,384","2,515","1,224,167","15,899",12,"3,669","-1,711",-387,"1,583","-2,098"
18/03/2022 ,"15,061","1,196,098","12,052","2,472","1,225,683","14,524",18,"2,873","-1,332",-43,"1,516","-1,375"
19/03/2022 ,"15,073","1,198,669","11,111","2,315","1,227,168","13,426",12,"2,571",-941,-157,"1,485","-1,098"
20/03/2022 ,"15,087","1,200,920","10,004","2,324","1,228,335","12,328",14,"2,251","-1,107",9,"1,167","-1,098"
21/03/2022 ,"15,093","1,202,740","9,084","2,280","1,229,197","11,364",6,"1,820",-920,-44,862,-964
22/03/2022 ,"15,102","1,204,167","8,773","2,167","1,230,209","10,940",9,"1,427",-311,-113,"1,012",-424
23/03/2022 ,"15,106","1,205,353","8,903","2,082","1,231,444","10,985",4,"1,186",130,-85,"1,235",45
24/03/2022 ,"15,111","1,207,258","8,098","2,044","1,232,511","10,142",5,"1,905",-805,-38,"1,067",-843
25/03/2022 ,"15,116","1,208,909","7,445","1,931","1,233,401","9,376",5,"1,651",-653,-113,890,-766
26/03/2022 ,"15,121","1,210,332","6,938","1,806","1,234,197","8,744",5,"1,423",-507,-125,796,-632
27/03/2022 ,"15,126","1,211,717","6,186","1,762","1,234,791","7,948",5,"1,385",-752,-44,594,-796
28/03/2022 ,"15,138","1,213,009","5,653","1,564","1,235,364","7,217",12,"1,292",-533,-198,573,-731
29/03/2022 ,"15,148","1,213,901","5,744","1,313","1,236,106","7,057",10,892,91,-251,742,-160
30/03/2022 ,"15,159","1,214,728","5,907","1,213","1,237,007","7,120",11,827,163,-100,901,63
31/03/2022 ,"15,167","1,216,040","5,437","1,092","1,237,736","6,529",8,"1,312",-470,-121,729,-591
01/04/2022 ,"15,175","1,217,108","5,119",975,"1,238,377","6,094",8,"1,068",-318,-117,641,-435
02/04/2022 ,"15,183","1,218,121","4,795",911,"1,239,010","5,706",8,"1,013",-324,-64,633,-388
03/04/2022 ,"15,190","1,218,930","4,636",866,"1,239,622","5,502",7,809,-159,-45,612,-204
04/04/2022 ,"15,200","1,219,664","4,436",810,"1,240,110","5,246",10,734,-200,-56,488,-256
05/04/2022 ,"15,205","1,220,235","4,420",818,"1,240,678","5,238",5,571,-16,8,568,-8
06/04/2022 ,"15,207","1,220,769","4,714",741,"1,241,431","5,455",2,534,294,-77,753,217
07/04/2022 ,"15,212","1,221,596","4,609",688,"1,242,105","5,297",5,827,-105,-53,674,-158
08/04/2022 ,"15,214","1,222,380","4,456",647,"1,242,697","5,103",2,784,-153,-41,592,-194
09/04/2022 ,"15,217","1,223,059","4,267",604,"1,243,147","4,871",3,679,-189,-43,450,-232
10/04/2022 ,"15,220","1,223,655","4,039",603,"1,243,517","4,642",3,596,-228,-1,370,-229
11/04/2022 ,"15,224","1,224,308","3,755",542,"1,243,829","4,297",4,653,-284,-61,312,-345
12/04/2022 ,"15,229","1,224,805","3,607",543,"1,244,184","4,150",5,497,-148,1,355,-147
13/04/2022 ,"15,232","1,225,348","3,515",488,"1,244,583","4,003",3,543,-92,-55,399,-147
14/04/2022 ,"15,234","1,226,139","3,127",455,"1,244,955","3,582",2,791,-388,-33,372,-421
15/04/2022 ,"15,238","1,226,739","2,837",451,"1,245,265","3,288",4,600,-290,-4,310,-294
16/04/2022 ,"15,240","1,227,338","2,469",411,"1,245,458","2,880",2,599,-368,-40,193,-408
17/04/2022 ,"15,244","1,227,793","2,205",411,"1,245,653","2,616",4,455,-264,0,195,-264
18/04/2022 ,"15,250","1,228,205","1,997",371,"1,245,823","2,368",6,412,-208,-40,170,-248
19/04/2022 ,"15,252","1,228,519","1,876",355,"1,246,002","2,231",2,314,-121,-16,179,-137
20/04/2022 ,"15,254","1,228,783","1,866",330,"1,246,233","2,196",2,264,-10,-25,231,-35
21/04/2022 ,"15,258","1,229,206","1,603",325,"1,246,392","1,928",4,423,-263,-5,159,-268
22/04/2022 ,"15,261","1,229,616","1,417",313,"1,246,607","1,730",3,410,-186,-12,215,-198
23/04/2022 ,"15,264","1,229,971","1,256",288,"1,246,779","1,544",3,355,-161,-25,172,-186
24/04/2022 ,"15,265","1,230,220","1,149",280,"1,246,914","1,429",1,249,-107,-8,135,-115
25/04/2022 ,"15,266","1,230,368","1,107",274,"1,247,015","1,381",1,148,-42,-6,101,-48
26/04/2022 ,"15,268","1,230,600","1,077",269,"1,247,214","1,346",2,232,-30,-5,199,-35
27/04/2022 ,"15,271","1,230,742","1,053",278,"1,247,344","1,331",3,142,-24,9,130,-15
28/04/2022 ,"15,272","1,230,989",951,245,"1,247,457","1,196",1,247,-102,-33,113,-135
29/04/2022 ,"15,273","1,231,171",923,216,"1,247,583","1,139",1,182,-28,-29,126,-57
30/04/2022 ,"15,274","1,231,413",829,218,"1,247,734","1,047",1,242,-94,2,151,-92
01/05/2022 ,"15,275","1,231,573",756,211,"1,247,815",967,1,160,-73,-7,81,-80
02/05/2022 ,"15,277","1,231,709",708,209,"1,247,903",917,2,136,-48,-2,88,-50
03/05/2022 ,"15,278","1,231,833",623,209,"1,247,943",832,1,124,-85,0,40,-85
04/05/2022 ,"15,280","1,231,950",587,188,"1,248,005",775,2,117,-36,-21,62,-57
05/05/2022 ,"15,281","1,232,106",510,194,"1,248,091",704,1,156,-77,6,86,-71
06/05/2022 ,"15,282","1,232,228",476,194,"1,248,180",670,1,122,-34,0,89,-34
07/05/2022 ,"15,283","1,232,328",438,193,"1,248,242",631,1,100,-38,-1,62,-39
08/05/2022 ,"15,284","1,232,444",408,184,"1,248,320",592,1,116,-30,-9,78,-39
09/05/2022 ,"15,285","1,232,527",419,191,"1,248,422",610,1,83,11,7,102,18
10/05/2022 ,"15,287","1,232,618",490,177,"1,248,572",667,2,91,71,-14,150,57
11/05/2022 ,"15,288","1,232,696",549,168,"1,248,701",717,1,78,59,-9,129,50
12/05/2022 ,"15,290","1,232,729",614,168,"1,248,801",782,2,33,65,0,100,65
13/05/2022 ,"15,291","1,232,772",664,175,"1,248,902",839,1,43,50,7,101,57
14/05/2022 ,"15,292","1,232,867",676,181,"1,249,016",857,1,95,12,6,114,18
15/05/2022 ,"15,293","1,232,939",686,191,"1,249,109",877,1,72,10,10,93,20
16/05/2022 ,"15,293","1,233,010",701,175,"1,249,179",876,0,71,15,-16,70,-1
17/05/2022 ,"15,293","1,233,102",670,189,"1,249,254",859,0,92,-31,14,75,-17
18/05/2022 ,"15,294","1,233,206",670,197,"1,249,367",867,1,104,0,8,113,8
19/05/2022 ,"15,294","1,233,387",589,187,"1,249,457",776,0,181,-81,-10,90,-91
20/05/2022 ,"15,294","1,233,494",564,187,"1,249,539",751,0,107,-25,0,82,-25
21/05/2022 ,"15,294","1,233,575",581,182,"1,249,632",763,0,81,17,-5,93,12
22/05/2022 ,"15,296","1,233,664",594,188,"1,249,742",782,2,89,13,6,110,19
23/05/2022 ,"15,297","1,233,779",548,176,"1,249,800",724,1,115,-46,-12,58,-58
24/05/2022 ,"15,300","1,233,873",580,195,"1,249,948",775,3,94,32,19,148,51
25/05/2022 ,"15,300","1,233,937",631,208,"1,250,076",839,0,64,51,13,128,64
26/05/2022 ,"15,300","1,234,021",669,210,"1,250,200",879,0,84,38,2,124,40
27/05/2022 ,"15,300","1,234,087",709,214,"1,250,310",923,0,66,40,4,110,44
28/05/2022 ,"15,300","1,234,180",723,211,"1,250,414",934,0,93,14,-3,104,11
29/05/2022 ,"15,300","1,234,280",722,201,"1,250,503",923,0,100,-1,-10,89,-11
30/05/2022 ,"15,303","1,234,376",704,201,"1,250,584",905,3,96,-18,0,81,-18
31/05/2022 ,"15,303","1,234,487",729,197,"1,250,716",926,0,111,25,-4,132,21
01/06/2022 ,"15,303","1,234,566",823,188,"1,250,880","1,011",0,79,94,-9,164,85
02/06/2022 ,"15,303","1,234,723",830,182,"1,251,038","1,012",0,157,7,-6,158,1
03/06/2022 ,"15,303","1,234,863",850,195,"1,251,211","1,045",0,140,20,13,173,33
04/06/2022 ,"15,303","1,234,976",913,192,"1,251,384","1,105",0,113,63,-3,173,60
05/06/2022 ,"15,303","1,235,069","1,011",196,"1,251,579","1,207",0,93,98,4,195,102
06/06/2022 ,"15,303","1,235,172","1,064",187,"1,251,726","1,251",0,103,53,-9,147,44
07/06/2022 ,"15,303","1,235,274","1,222",187,"1,251,986","1,409",0,102,158,0,260,158
08/06/2022 ,"15,303","1,235,370","1,417",184,"1,252,274","1,601",0,96,195,-3,288,192
09/06/2022 ,"15,303","1,235,508","1,548",191,"1,252,550","1,739",0,138,131,7,276,138
10/06/2022 ,"15,303","1,235,666","1,715",199,"1,252,883","1,914",0,158,167,8,333,175
11/06/2022 ,"15,303","1,235,838","1,852",204,"1,253,197","2,056",0,172,137,5,314,142
12/06/2022 ,"15,303","1,236,002","2,000",214,"1,253,519","2,214",0,164,148,10,322,158
13/06/2022 ,"15,304","1,236,184","2,179",200,"1,253,867","2,379",1,182,179,-14,348,165
14/06/2022 ,"15,304","1,236,374","2,446",260,"1,254,384","2,706",0,190,267,60,517,327
15/06/2022 ,"15,304","1,236,528","2,980",302,"1,255,114","3,282",0,154,534,42,730,576
16/06/2022 ,"15,305","1,236,820","3,346",339,"1,255,810","3,685",1,292,366,37,696,403
17/06/2022 ,"15,305","1,237,109","3,712",370,"1,256,496","4,082",0,289,366,31,686,397
18/06/2022 ,"15,305","1,237,400","4,122",402,"1,257,229","4,524",0,291,410,32,733,442
19/06/2022 ,"15,308","1,237,676","4,543",437,"1,257,964","4,980",3,276,421,35,735,456
20/06/2022 ,"15,309","1,238,059","4,844",453,"1,258,665","5,297",1,383,301,16,701,317
21/06/2022 ,"15,311","1,238,392","5,420",495,"1,259,618","5,915",2,333,576,42,953,618
22/06/2022 ,"15,311","1,238,754","6,276",503,"1,260,844","6,779",0,362,856,8,"1,226",864
23/06/2022 ,"15,311","1,239,359","6,714",514,"1,261,898","7,228",0,605,438,11,"1,054",449
24/06/2022 ,"15,313","1,240,028","7,301",522,"1,263,164","7,823",2,669,587,8,"1,266",595
25/06/2022 ,"15,313","1,240,738","7,596",562,"1,264,209","8,158",0,710,295,40,"1,045",335
26/06/2022 ,"15,313","1,241,429","7,931",591,"1,265,264","8,522",0,691,335,29,"1,055",364
27/06/2022 ,"15,313","1,242,286","7,901",602,"1,266,102","8,503",0,857,-30,11,838,-19
28/06/2022 ,"15,314","1,243,032","8,375",631,"1,267,352","9,006",1,746,474,29,"1,250",503
29/06/2022 ,"15,314","1,243,738","8,801",633,"1,268,486","9,434",0,706,426,2,"1,134",428
30/06/2022 ,"15,315","1,244,833","8,926",667,"1,269,741","9,593",1,"1,095",125,34,"1,255",159
01/07/2022 ,"15,316","1,245,980","8,829",716,"1,270,841","9,545",1,"1,147",-97,49,"1,100",-48
02/07/2022 ,"15,317","1,247,144","8,675",688,"1,271,824","9,363",1,"1,164",-154,-28,983,-182
03/07/2022 ,"15,320","1,248,357","8,333",745,"1,272,755","9,078",3,"1,213",-342,57,931,-285
04/07/2022 ,"15,323","1,249,496","7,937",736,"1,273,492","8,673",3,"1,139",-396,-9,737,-405
05/07/2022 ,"15,325","1,250,388","8,267",788,"1,274,768","9,055",2,892,330,52,"1,276",382
06/07/2022 ,"15,327","1,251,237","8,946",774,"1,276,284","9,720",2,849,679,-14,"1,516",665
07/07/2022 ,"15,329","1,252,398","9,220",813,"1,277,760","10,033",2,"1,161",274,39,"1,476",313
